# This file uses centimeters as units for non-parametric coordinates.

mtllib nino.mtl
g default
v 0.018427 0.520864 0.086690
v 0.006158 0.492193 0.008370
v 0.019636 0.529808 -0.069950
v 0.000000 0.529808 0.086690
v 0.000000 0.503650 0.008370
v 0.000000 0.529808 -0.069950
v 0.120880 0.002560 -0.051730
v 0.144792 0.003430 0.008370
v 0.049288 -0.000050 0.008370
v 0.073196 0.000819 -0.051730
v 0.119806 0.336091 0.006350
v 0.061260 0.333851 -0.042682
v 0.100177 0.335344 0.056098
v 0.041952 0.332790 0.103569
v 0.118096 0.335709 -0.089555
v 0.003494 0.331330 0.006350
v 0.000000 0.874693 -0.088767
v 0.151460 0.889703 -0.063215
v 0.153583 0.870386 -0.012453
v 0.151603 0.889721 0.044674
v 0.000000 0.874693 0.128116
v 0.170300 0.948445 -0.055705
v 0.000000 0.958509 -0.078262
v 0.188010 0.971512 -0.012447
v 0.170443 0.947733 0.039747
v 0.000000 0.942793 0.101411
v 0.051479 0.991240 -0.027901
v 0.000000 0.991059 -0.048202
v 0.072896 0.994574 0.007654
v 0.051623 0.989478 0.048842
v 0.000000 0.988724 0.067670
v 0.000000 0.999989 -0.042526
v 0.030277 0.999689 -0.029328
v 0.044686 0.999176 0.006560
v 0.030768 0.999036 0.042978
v 0.000000 0.999105 0.056724
v 0.000000 0.592430 -0.082640
v 0.085742 0.531557 -0.064171
v 0.103020 0.589817 0.010735
v 0.086287 0.530278 0.084524
v 0.000000 0.590850 0.107685
v 0.119728 0.860818 0.008388
v 0.084660 0.874693 -0.063850
v 0.084660 0.874693 0.082898
v 0.134891 0.978199 -0.001947
v 0.106872 0.958509 -0.044143
v 0.106872 0.952060 0.063192
v 0.514037 0.887223 -0.044944
v 0.512798 0.874569 -0.023060
v 0.512740 0.887223 0.003101
v 0.514037 0.912531 -0.044944
v 0.512798 0.918619 -0.023060
v 0.512740 0.912531 0.003101
v 0.074877 1.064795 0.100138
v 0.116392 1.287976 0.100138
v 0.074877 1.064795 -0.083361
v 0.116392 1.287976 -0.083361
v -0.000000 1.055235 -0.103467
v -0.000000 1.330226 -0.103467
v 0.100255 1.125963 -0.103467
v 0.094982 1.044690 0.008388
v 0.136497 1.308081 0.008388
v 0.100255 1.125963 0.135002
v -0.000000 1.055235 0.120243
v -0.000000 1.330226 0.120243
v -0.000000 1.145999 -0.145659
v 0.139285 1.114364 0.008388
v -0.000000 1.145999 0.188488
v -0.000000 1.372420 0.008388
v 0.102257 1.148407 -0.101338
v 0.102257 1.148407 0.118115
v -0.000000 1.170795 -0.141192
v 0.139283 1.140164 0.008388
v -0.000000 1.164356 0.159128
v 0.042768 1.025450 0.007335
v -0.000000 1.028535 -0.037690
v -0.000000 1.025200 0.053610
v 0.027764 1.027402 -0.026272
v 0.029173 1.024916 0.041512
v 0.599693 0.880073 -0.044534
v 0.614619 0.875086 -0.015427
v 0.594340 0.880073 0.012729
v 0.599693 0.893009 -0.044534
v 0.619560 0.894930 -0.015147
v 0.594340 0.893009 0.012729
v 0.543205 0.920726 -0.021105
v 0.537511 0.907082 -0.000514
v 0.537511 0.890531 -0.000514
v 0.541472 0.879160 -0.021203
v 0.540261 0.885228 -0.044202
v 0.540261 0.907082 -0.044202
v 0.535796 0.902700 0.041251
v 0.535796 0.893280 0.041251
v 0.555785 0.890837 0.023466
v 0.555785 0.898688 0.023466
v 0.564595 0.900764 0.007879
v 0.575061 0.880103 -0.018739
v 0.567786 0.900928 -0.045700
v 0.577173 0.915614 -0.018619
v 0.564595 0.887460 0.007879
v 0.567698 0.882913 -0.046708
v 0.534297 0.908413 0.020272
v 0.534297 0.884910 0.020272
v 0.521721 0.887223 0.023786
v 0.540758 0.888785 0.010093
v 0.524520 0.921203 -0.022406
v 0.521784 0.889519 -0.001699
v 0.524137 0.886489 -0.043269
v 0.521784 0.910526 -0.001699
v 0.522946 0.877641 -0.022494
v 0.524145 0.910541 -0.043177
v 0.551906 0.890772 0.039021
v 0.551906 0.903093 0.039021
v 0.540758 0.903176 0.010093
v 0.521721 0.907187 0.023786
v 0.112993 0.055043 -0.052301
v 0.046978 0.051889 0.007775
v 0.079222 0.023603 -0.039367
v 0.127858 0.047038 0.000779
v 0.156590 0.003430 0.104499
v 0.122329 0.002643 0.164645
v 0.071912 0.000916 0.164651
v 0.038158 -0.000050 0.104499
v 0.041891 0.052084 0.110498
v 0.146825 0.055223 0.110561
v 0.120087 0.026605 -0.052734
v 0.047219 0.023891 0.008370
v 0.071608 0.024796 -0.052734
v 0.144477 0.027510 0.008370
v 0.032928 0.020199 0.103423
v 0.159283 0.023903 0.103402
v 0.142284 0.055752 0.007748
v 0.110325 0.023603 -0.039198
v 0.074930 0.053244 -0.052559
v 0.061390 0.047038 0.001047
v 0.112219 0.047038 0.043778
v 0.076998 0.047038 0.043974
v 0.071341 0.036563 -0.054155
v 0.144228 0.039550 0.008370
v 0.121005 0.046065 0.172686
v 0.119690 0.039883 -0.050957
v 0.046275 0.035862 0.008370
v 0.069409 0.044197 0.172667
v 0.057956 0.025509 0.004638
v 0.074034 0.025961 -0.049726
v 0.116599 0.026866 -0.049626
v 0.132499 0.027318 0.004480
v 0.043723 -0.000050 0.056434
v 0.044434 0.051987 0.059136
v 0.145160 0.002995 0.141901
v 0.048539 0.000385 0.140314
v 0.042447 0.021057 0.139383
v 0.044062 0.055194 0.133097
v 0.148992 0.023934 0.140738
v 0.144256 0.058104 0.134625
v 0.118523 0.335709 0.103473
v 0.156896 0.337169 0.006218
v 0.042440 0.332790 -0.089637
v 0.041338 0.333105 0.006417
v 0.099959 0.335344 -0.042640
v 0.061010 0.333851 0.056147
v -0.000000 0.611457 0.130854
v 0.076909 0.612124 0.077605
v 0.121990 0.612960 0.009827
v 0.076075 0.613527 -0.054944
v -0.000000 0.613962 -0.105028
v 0.085377 0.613719 -0.071990
v 0.000000 0.613642 -0.081332
v 0.105235 0.613019 0.009361
v 0.086867 0.611949 0.094925
v 0.000000 0.611625 0.108063
v 0.080614 0.744131 -0.050068
v 0.081236 0.743392 0.080879
v 0.000000 0.744233 -0.078501
v 0.110539 0.743814 0.010009
v 0.000000 0.743187 0.110519
v 0.266048 0.933781 0.014127
v 0.257576 0.889112 0.033322
v 0.261855 0.950030 -0.019987
v 0.235891 0.862260 -0.013268
v 0.237674 0.897723 -0.047186
v 0.247000 0.941732 -0.063509
v 0.230738 0.889090 -0.062272
v 0.241133 0.879716 -0.014298
v 0.266767 0.967028 -0.021745
v 0.248589 0.933053 -0.048017
v 0.255686 0.897738 0.016971
v 0.273014 0.942817 0.029084
v 0.094383 0.055688 -0.059410
v 0.095205 0.040210 -0.060383
v 0.127639 0.059408 -0.024657
v 0.131959 0.043944 -0.024456
v 0.061962 0.056407 -0.023430
v 0.058831 0.040532 -0.023254
v 0.138466 1.158660 -0.017531
v 0.156435 1.156687 -0.017219
v 0.121945 1.127772 -0.012649
v 0.143692 1.118718 -0.011218
v 0.166020 1.160822 -0.030414
v 0.134409 1.164292 -0.030962
v 0.111958 1.122317 -0.024328
v 0.148053 1.107288 -0.021951
v 0.104131 0.232976 0.052052
v 0.105378 0.200701 0.050777
v 0.069021 0.199786 -0.041250
v 0.067154 0.232041 -0.041594
v 0.123283 0.201159 0.003945
v 0.122451 0.233444 0.004520
v 0.047916 0.231576 0.004656
v 0.050005 0.199325 0.004096
v 0.103363 0.232978 -0.041510
v 0.104436 0.200700 -0.041153
v 0.067919 0.199780 0.050887
v 0.066256 0.232046 0.052153
v 0.103730 0.422860 0.090125
v 0.040493 0.415454 -0.074855
v 0.140063 0.421674 0.007982
v 0.040287 0.414588 0.090775
v 0.103375 0.423814 -0.073548
v 0.006772 0.412662 0.007493
v 0.030118 0.488953 0.082016
v 0.005592 0.478034 0.007950
v 0.030588 0.493542 -0.065044
v 0.090777 0.498995 -0.062766
v 0.121403 0.502828 0.009527
v 0.091183 0.497036 0.081678
v 0.115562 0.538360 0.009918
v 0.078688 0.592484 0.079827
v 0.077877 0.594458 -0.057580
v 0.113626 0.783127 0.009465
v 0.116640 0.821505 0.008933
v 0.000000 0.788658 0.115779
v 0.000000 0.827264 0.120945
v 0.000000 0.828724 -0.085151
v 0.000000 0.790202 -0.082119
v 0.082443 0.789672 0.085168
v 0.083453 0.828413 0.088759
v 0.082039 0.790112 -0.051348
v 0.083235 0.828712 -0.052422
v 0.261965 0.943418 0.032337
v 0.256863 0.967576 -0.019001
v 0.219287 0.889165 -0.059375
v 0.246353 0.889187 0.037247
v 0.225703 0.863253 -0.010446
v 0.236025 0.942552 -0.060186
v -0.000000 0.660849 0.123229
v -0.000000 0.693795 0.118143
v 0.117710 0.661873 0.009896
v 0.114819 0.694902 0.009941
v -0.000000 0.695488 -0.088427
v -0.000000 0.662707 -0.095102
v 0.083596 0.662471 -0.063795
v 0.082394 0.695379 -0.058264
v 0.084759 0.661140 0.089669
v 0.083343 0.694201 0.086136
v 0.000000 0.983166 -0.055491
v 0.065020 0.980405 0.054783
v 0.000000 0.977586 0.075852
v 0.064911 0.983303 -0.029379
v 0.087929 0.990604 0.007787
v 0.166020 1.162755 -0.018178
v 0.134409 1.166226 -0.018726
v 0.111958 1.124251 -0.012092
v 0.148053 1.109221 -0.009717
v 0.070676 0.062193 0.157770
v 0.118241 0.063635 0.157880
v 0.070486 0.024245 0.171287
v 0.121616 0.026102 0.171318
v 0.158337 0.040339 0.104013
v 0.033239 0.036245 0.104020
v 0.041416 0.039277 0.138548
v 0.149287 0.042597 0.139917
v 0.318210 0.895017 0.000086
v 0.354132 0.893560 -0.001022
v 0.350032 0.877672 -0.031895
v 0.313952 0.878377 -0.031880
v 0.353357 0.893550 -0.060268
v 0.317429 0.895012 -0.061745
v 0.324370 0.927839 -0.060232
v 0.360010 0.924882 -0.059004
v 0.363312 0.937514 -0.031895
v 0.327962 0.942104 -0.031880
v 0.325186 0.928368 0.000117
v 0.360776 0.925322 -0.001027
v 0.057362 0.052893 0.101432
v 0.131297 0.056741 0.103156
v 0.056996 0.055725 0.119414
v 0.131677 0.057847 0.119978
v 0.076404 0.060829 0.128516
v 0.112706 0.061880 0.128556
v 0.081622 0.054763 0.098004
v 0.112014 0.054763 0.098004
v 0.144555 0.055487 0.059154
v 0.151282 0.039944 0.056191
v 0.040074 0.022045 0.055897
v 0.039757 0.036053 0.056195
v 0.151880 0.025707 0.055886
v 0.150691 0.003430 0.056434
v 0.135471 0.028018 -0.004171
v 0.057362 0.052893 0.062516
v 0.131297 0.056741 0.064240
v 0.081622 0.054763 0.059087
v 0.112014 0.054763 0.059087
v 0.053781 0.028018 -0.003842
v 0.116250 0.028018 0.048675
v 0.072963 0.028018 0.048916
v -0.018427 0.520864 0.086690
v -0.006158 0.492193 0.008370
v -0.019636 0.529808 -0.069950
v -0.120880 0.002560 -0.051730
v -0.144792 0.003430 0.008370
v -0.049288 -0.000050 0.008370
v -0.073196 0.000819 -0.051730
v -0.119806 0.336091 0.006350
v -0.061260 0.333851 -0.042682
v -0.100177 0.335344 0.056098
v -0.041952 0.332790 0.103569
v -0.118096 0.335709 -0.089555
v -0.003494 0.331330 0.006350
v -0.151460 0.889703 -0.063215
v -0.153583 0.870386 -0.012453
v -0.151603 0.889721 0.044674
v -0.170300 0.948445 -0.055705
v -0.188010 0.971512 -0.012447
v -0.170443 0.947733 0.039747
v -0.051479 0.991240 -0.027901
v -0.072896 0.994574 0.007654
v -0.051623 0.989478 0.048842
v -0.030277 0.999689 -0.029328
v -0.044686 0.999176 0.006560
v -0.030768 0.999036 0.042978
v -0.085742 0.531557 -0.064171
v -0.103020 0.589817 0.010735
v -0.086287 0.530278 0.084524
v -0.119728 0.860818 0.008388
v -0.084660 0.874693 -0.063850
v -0.084660 0.874693 0.082898
v -0.134891 0.978199 -0.001947
v -0.106872 0.958509 -0.044143
v -0.106872 0.952060 0.063192
v -0.514037 0.887223 -0.044944
v -0.512798 0.874569 -0.023060
v -0.512740 0.887223 0.003101
v -0.514037 0.912531 -0.044944
v -0.512798 0.918619 -0.023060
v -0.512740 0.912531 0.003101
v -0.074877 1.064795 0.100138
v -0.116392 1.287976 0.100138
v -0.074877 1.064795 -0.083361
v -0.116392 1.287976 -0.083361
v -0.100255 1.125963 -0.103467
v -0.094982 1.044690 0.008388
v -0.136497 1.308081 0.008388
v -0.100255 1.125963 0.135002
v -0.139285 1.114364 0.008388
v -0.102257 1.148407 -0.101338
v -0.102257 1.148407 0.118115
v -0.139283 1.140164 0.008388
v -0.042768 1.025450 0.007335
v -0.027764 1.027402 -0.026272
v -0.029173 1.024916 0.041512
v -0.599693 0.880073 -0.044534
v -0.614619 0.875086 -0.015427
v -0.594340 0.880073 0.012729
v -0.599693 0.893009 -0.044534
v -0.619560 0.894930 -0.015147
v -0.594340 0.893009 0.012729
v -0.543205 0.920726 -0.021105
v -0.537511 0.907082 -0.000514
v -0.537511 0.890531 -0.000514
v -0.541472 0.879160 -0.021203
v -0.540261 0.885228 -0.044202
v -0.540261 0.907082 -0.044202
v -0.535796 0.902700 0.041251
v -0.535796 0.893280 0.041251
v -0.555785 0.890837 0.023466
v -0.555785 0.898688 0.023466
v -0.564595 0.900764 0.007879
v -0.575061 0.880103 -0.018739
v -0.567786 0.900928 -0.045700
v -0.577173 0.915614 -0.018619
v -0.564595 0.887460 0.007879
v -0.567698 0.882913 -0.046708
v -0.534297 0.908413 0.020272
v -0.534297 0.884910 0.020272
v -0.521721 0.887223 0.023786
v -0.540758 0.888785 0.010093
v -0.524520 0.921203 -0.022406
v -0.521784 0.889519 -0.001699
v -0.524137 0.886489 -0.043269
v -0.521784 0.910526 -0.001699
v -0.522946 0.877641 -0.022494
v -0.524145 0.910541 -0.043177
v -0.551906 0.890772 0.039021
v -0.551906 0.903093 0.039021
v -0.540758 0.903176 0.010093
v -0.521721 0.907187 0.023786
v -0.112993 0.055043 -0.052301
v -0.046978 0.051889 0.007775
v -0.079222 0.023603 -0.039367
v -0.127858 0.047038 0.000779
v -0.156590 0.003430 0.104499
v -0.122329 0.002643 0.164645
v -0.071912 0.000916 0.164651
v -0.038158 -0.000050 0.104499
v -0.041891 0.052084 0.110498
v -0.146825 0.055223 0.110561
v -0.120087 0.026605 -0.052734
v -0.047219 0.023891 0.008370
v -0.071608 0.024796 -0.052734
v -0.144477 0.027510 0.008370
v -0.032928 0.020199 0.103423
v -0.159283 0.023903 0.103402
v -0.142284 0.055752 0.007748
v -0.110325 0.023603 -0.039198
v -0.074930 0.053244 -0.052559
v -0.061390 0.047038 0.001047
v -0.112219 0.047038 0.043778
v -0.076998 0.047038 0.043974
v -0.071341 0.036563 -0.054155
v -0.144228 0.039550 0.008370
v -0.121005 0.046065 0.172686
v -0.119690 0.039883 -0.050957
v -0.046275 0.035862 0.008370
v -0.069409 0.044197 0.172667
v -0.057956 0.025509 0.004638
v -0.074034 0.025961 -0.049726
v -0.116599 0.026866 -0.049626
v -0.132499 0.027318 0.004480
v -0.043723 -0.000050 0.056434
v -0.044434 0.051987 0.059136
v -0.145160 0.002995 0.141901
v -0.048539 0.000385 0.140314
v -0.042447 0.021057 0.139383
v -0.044062 0.055194 0.133097
v -0.148992 0.023934 0.140738
v -0.144256 0.058104 0.134625
v -0.118523 0.335709 0.103473
v -0.156896 0.337169 0.006218
v -0.042440 0.332790 -0.089637
v -0.041338 0.333105 0.006417
v -0.099959 0.335344 -0.042640
v -0.061010 0.333851 0.056147
v -0.076909 0.612124 0.077605
v -0.121990 0.612960 0.009827
v -0.076075 0.613527 -0.054944
v -0.085377 0.613719 -0.071990
v -0.105235 0.613019 0.009361
v -0.086867 0.611949 0.094925
v -0.080614 0.744131 -0.050068
v -0.081236 0.743392 0.080879
v -0.110539 0.743814 0.010009
v -0.266048 0.933781 0.014127
v -0.257576 0.889112 0.033322
v -0.261855 0.950030 -0.019987
v -0.235891 0.862260 -0.013268
v -0.237674 0.897723 -0.047186
v -0.247000 0.941732 -0.063509
v -0.230738 0.889090 -0.062272
v -0.241133 0.879716 -0.014298
v -0.266767 0.967028 -0.021745
v -0.248589 0.933053 -0.048017
v -0.255686 0.897738 0.016971
v -0.273014 0.942817 0.029084
v -0.094383 0.055688 -0.059410
v -0.095205 0.040210 -0.060383
v -0.127639 0.059408 -0.024657
v -0.131959 0.043944 -0.024456
v -0.061962 0.056407 -0.023430
v -0.058831 0.040532 -0.023254
v -0.138466 1.158660 -0.017531
v -0.156435 1.156687 -0.017219
v -0.121945 1.127772 -0.012649
v -0.143692 1.118718 -0.011218
v -0.166020 1.160822 -0.030414
v -0.134409 1.164292 -0.030962
v -0.111958 1.122317 -0.024328
v -0.148053 1.107288 -0.021951
v -0.104131 0.232976 0.052052
v -0.105378 0.200701 0.050777
v -0.069021 0.199786 -0.041250
v -0.067154 0.232041 -0.041594
v -0.123283 0.201159 0.003945
v -0.122451 0.233444 0.004520
v -0.047916 0.231576 0.004656
v -0.050005 0.199325 0.004096
v -0.103363 0.232978 -0.041510
v -0.104436 0.200700 -0.041153
v -0.067919 0.199780 0.050887
v -0.066256 0.232046 0.052153
v -0.103730 0.422860 0.090125
v -0.040493 0.415454 -0.074855
v -0.140063 0.421674 0.007982
v -0.040287 0.414588 0.090775
v -0.103375 0.423814 -0.073548
v -0.006772 0.412662 0.007493
v -0.030118 0.488953 0.082016
v -0.005592 0.478034 0.007950
v -0.030588 0.493542 -0.065044
v -0.090777 0.498995 -0.062766
v -0.121403 0.502828 0.009527
v -0.091183 0.497036 0.081678
v -0.115562 0.538360 0.009918
v -0.078688 0.592484 0.079827
v -0.077877 0.594458 -0.057580
v -0.113626 0.783127 0.009465
v -0.116640 0.821505 0.008933
v -0.082443 0.789672 0.085168
v -0.083453 0.828413 0.088759
v -0.082039 0.790112 -0.051348
v -0.083235 0.828712 -0.052422
v -0.261965 0.943418 0.032337
v -0.256863 0.967576 -0.019001
v -0.219287 0.889165 -0.059375
v -0.246353 0.889187 0.037247
v -0.225703 0.863253 -0.010446
v -0.236025 0.942552 -0.060186
v -0.117710 0.661873 0.009896
v -0.114819 0.694902 0.009941
v -0.083596 0.662471 -0.063795
v -0.082394 0.695379 -0.058264
v -0.084759 0.661140 0.089669
v -0.083343 0.694201 0.086136
v -0.065020 0.980405 0.054783
v -0.064911 0.983303 -0.029379
v -0.087929 0.990604 0.007787
v -0.166020 1.162755 -0.018178
v -0.134409 1.166226 -0.018726
v -0.111958 1.124251 -0.012092
v -0.148053 1.109221 -0.009717
v -0.070676 0.062193 0.157770
v -0.118241 0.063635 0.157880
v -0.070486 0.024245 0.171287
v -0.121616 0.026102 0.171318
v -0.158337 0.040339 0.104013
v -0.033239 0.036245 0.104020
v -0.041416 0.039277 0.138548
v -0.149287 0.042597 0.139917
v -0.318210 0.895017 0.000086
v -0.354132 0.893560 -0.001022
v -0.350032 0.877672 -0.031895
v -0.313952 0.878377 -0.031880
v -0.353357 0.893550 -0.060268
v -0.317429 0.895012 -0.061745
v -0.324370 0.927839 -0.060232
v -0.360010 0.924882 -0.059004
v -0.363312 0.937514 -0.031895
v -0.327962 0.942104 -0.031880
v -0.325186 0.928368 0.000117
v -0.360776 0.925322 -0.001027
v -0.057362 0.052893 0.101432
v -0.131297 0.056741 0.103156
v -0.056996 0.055725 0.119414
v -0.131677 0.057847 0.119978
v -0.076404 0.060829 0.128516
v -0.112706 0.061880 0.128556
v -0.081622 0.054763 0.098004
v -0.112014 0.054763 0.098004
v -0.144555 0.055487 0.059154
v -0.151282 0.039944 0.056191
v -0.040074 0.022045 0.055897
v -0.039757 0.036053 0.056195
v -0.151880 0.025707 0.055886
v -0.150691 0.003430 0.056434
v -0.135471 0.028018 -0.004171
v -0.057362 0.052893 0.062516
v -0.131297 0.056741 0.064240
v -0.081622 0.054763 0.059087
v -0.112014 0.054763 0.059087
v -0.053781 0.028018 -0.003842
v -0.116250 0.028018 0.048675
v -0.072963 0.028018 0.048916
v -0.153220 1.221702 0.157501
v -0.198884 1.170277 0.092265
v -0.110547 1.221417 0.169710
v -0.055453 1.207188 0.051047
v -0.185133 1.327699 0.161661
v -0.162940 1.380902 0.142208
v -0.189034 1.296520 0.060222
v -0.164652 1.393179 0.110658
v -0.062110 1.337599 0.187793
v -0.073354 1.376369 0.151691
v 0.003314 1.284657 0.141429
v 0.002006 1.415195 0.070552
v -0.126919 1.096544 -0.115680
v -0.158987 1.163827 -0.080162
v -0.128922 1.184755 -0.157370
v -0.050995 1.102420 -0.105970
v -0.050980 1.145922 -0.044731
v -0.069109 1.102680 -0.140497
v -0.044834 1.188836 -0.188489
v -0.163555 1.331597 -0.081018
v -0.116719 1.370372 -0.003171
v -0.140224 1.255636 -0.135821
v -0.054574 1.372282 -0.098910
v -0.050980 1.382990 -0.019466
v -0.033630 1.251877 -0.174663
v 0.126761 1.230753 0.127714
v 0.079991 1.208172 0.051047
v 0.251715 1.183320 0.037445
v 0.087858 1.309578 0.137019
v 0.021201 1.388794 0.135304
v 0.105258 1.348822 0.077117
v 0.039673 1.396344 0.051125
v 0.221404 1.284905 0.018039
v 0.086969 1.110913 -0.123029
v 0.133312 1.147931 -0.091247
v 0.036833 1.098857 -0.156662
v 0.032660 1.190698 -0.184779
v 0.192922 1.163812 -0.064548
v 0.113122 1.312986 -0.121860
v 0.026179 1.378671 -0.024220
v 0.066261 1.257957 -0.167869
v 0.191706 1.297951 -0.040123
v 0.084906 1.259234 0.136398
v -0.185360 1.271871 -0.080714
v -0.185736 1.227942 -0.080490
v 0.201364 1.265884 0.091543
v 0.022080 1.323248 0.166763
v 0.168896 1.170546 0.049997
v 0.018743 0.592918 -0.076609
v 0.018309 0.613614 -0.074981
v 0.020548 0.613903 -0.097076
v 0.020119 0.662650 -0.087567
v 0.019830 0.695462 -0.081167
v 0.019401 0.744208 -0.071658
v 0.019744 0.790180 -0.074713
v 0.020032 0.828721 -0.077274
v 0.020375 0.874693 -0.082771
v 0.025721 0.958509 -0.070050
v 0.015622 0.983199 -0.049206
v 0.012389 0.991103 -0.043316
v 0.007287 0.999917 -0.039349
v 0.006682 1.028262 -0.034942
v 0.018021 1.057536 -0.098628
v 0.024128 1.141177 -0.135505
v 0.024610 1.165407 -0.131600
v 0.028012 1.320058 -0.098628
v 0.032851 1.356935 0.008388
v 0.028012 1.320058 0.115405
v 0.024610 1.160518 0.149258
v 0.024128 1.141177 0.175616
v 0.018021 1.057536 0.115405
v 0.007021 1.025132 0.050699
v 0.007405 0.999088 0.053416
v 0.012424 0.988905 0.063139
v 0.015648 0.978264 0.070781
v 0.025721 0.945023 0.092213
v 0.020375 0.874693 0.117234
v 0.020085 0.827541 0.113199
v 0.019841 0.788902 0.108412
v 0.019551 0.743236 0.103386
v 0.020058 0.693893 0.110440
v 0.020399 0.660919 0.115153
v 0.020906 0.611575 0.122207
v 0.018510 0.611745 0.100733
v 0.018938 0.591243 0.100981
v -0.018743 0.592918 -0.076609
v -0.018309 0.613614 -0.074981
v -0.020548 0.613903 -0.097076
v -0.020119 0.662650 -0.087567
v -0.019830 0.695462 -0.081167
v -0.019401 0.744208 -0.071658
v -0.019744 0.790180 -0.074713
v -0.020032 0.828721 -0.077274
v -0.020375 0.874693 -0.082771
v -0.025721 0.958509 -0.070050
v -0.015622 0.983199 -0.049206
v -0.012389 0.991103 -0.043316
v -0.007287 0.999917 -0.039349
v -0.006682 1.028262 -0.034942
v -0.018021 1.057536 -0.098628
v -0.024128 1.141177 -0.135505
v -0.024610 1.165407 -0.131600
v -0.028012 1.320058 -0.098628
v -0.032851 1.356935 0.008388
v -0.028012 1.320058 0.115405
v -0.024610 1.160518 0.149258
v -0.024128 1.141177 0.175616
v -0.018021 1.057536 0.115405
v -0.007021 1.025132 0.050699
v -0.007405 0.999088 0.053416
v -0.012424 0.988905 0.063139
v -0.015648 0.978264 0.070781
v -0.025721 0.945023 0.092213
v -0.020375 0.874693 0.117234
v -0.020085 0.827541 0.113199
v -0.019841 0.788902 0.108412
v -0.019551 0.743236 0.103386
v -0.020058 0.693893 0.110440
v -0.020399 0.660919 0.115153
v -0.020906 0.611575 0.122207
v -0.018510 0.611745 0.100733
v -0.018938 0.591243 0.100981
vt 0.894188 0.145511
vt 0.855415 0.147661
vt 0.847234 0.175413
vt 0.816688 0.146595
vt 0.879287 0.163727
vt 0.822360 0.161604
vt 0.919870 0.155551
vt 0.903003 0.154583
vt 0.920849 0.112618
vt 0.932067 0.113272
vt 0.903003 0.066116
vt 0.921620 0.066362
vt 0.924790 0.196835
vt 0.912655 0.159265
vt 0.901401 0.150886
vt 0.937141 0.162892
vt 0.915237 0.145487
vt 0.914145 0.167170
vt 0.913655 0.145503
vt 0.913716 0.123831
vt 0.067739 0.429113
vt 0.067739 0.406103
vt 0.079118 0.406129
vt 0.079100 0.428762
vt 0.067739 0.424540
vt 0.067671 0.438853
vt 0.058832 0.443814
vt 0.059045 0.419320
vt 0.196559 0.380335
vt 0.198535 0.410251
vt 0.187232 0.410212
vt 0.185300 0.380791
vt 0.168257 0.408329
vt 0.170575 0.377556
vt 0.181823 0.378216
vt 0.179540 0.408476
vt 0.931044 0.648763
vt 0.924244 0.648847
vt 0.923931 0.634251
vt 0.931146 0.634126
vt 0.950452 0.634126
vt 0.950446 0.648848
vt 0.945285 0.648782
vt 0.944934 0.634126
vt 0.930834 0.678730
vt 0.924884 0.678747
vt 0.924343 0.653484
vt 0.931011 0.653400
vt 0.828884 0.136145
vt 0.828708 0.162919
vt 0.791258 0.122959
vt 0.809727 0.115704
vt 0.948570 0.753403
vt 0.948246 0.778731
vt 0.943212 0.778964
vt 0.943212 0.753520
vt 0.923708 0.076556
vt 0.923143 0.099830
vt 0.881410 0.099813
vt 0.883059 0.076531
vt 0.926898 0.182338
vt 0.905053 0.182865
vt 0.903208 0.140366
vt 0.924985 0.138812
vt 0.878652 0.182319
vt 0.900671 0.183798
vt 0.903208 0.212488
vt 0.884455 0.212870
vt 0.921923 0.208650
vt 0.903208 0.208177
vt 0.859137 0.141781
vt 0.854010 0.130833
vt 0.875219 0.128244
vt 0.871144 0.139311
vt 0.874753 0.137865
vt 0.899830 0.158744
vt 0.902197 0.119043
vt 0.915396 0.326989
vt 0.903287 0.297757
vt 0.915840 0.299081
vt 0.928349 0.328051
vt 0.858056 0.455726
vt 0.827462 0.360515
vt 0.851330 0.369377
vt 0.875092 0.446575
vt 0.889586 0.290368
vt 0.912716 0.350729
vt 0.894273 0.364642
vt 0.875092 0.308001
vt 0.859537 0.290368
vt 0.875092 0.307159
vt 0.888904 0.450761
vt 0.875092 0.443629
vt 0.927260 0.678747
vt 0.930990 0.678916
vt 0.931026 0.683273
vt 0.927260 0.683357
vt 0.916953 0.678747
vt 0.920928 0.679112
vt 0.920764 0.684099
vt 0.916996 0.684053
vt 0.912972 0.639958
vt 0.916370 0.645109
vt 0.875214 0.660935
vt 0.843252 0.663724
vt 0.920663 0.688851
vt 0.916953 0.689121
vt 0.940626 0.392117
vt 0.940730 0.452435
vt 0.928349 0.456149
vt 0.928359 0.394906
vt 0.908352 0.634841
vt 0.913301 0.634304
vt 0.912890 0.643424
vt 0.908243 0.643665
vt 0.823638 0.730919
vt 0.824157 0.708637
vt 0.827297 0.708690
vt 0.827712 0.731461
vt 0.904023 0.634126
vt 0.904217 0.643190
vt 0.898970 0.712261
vt 0.898970 0.689169
vt 0.916135 0.694676
vt 0.914416 0.714875
vt 0.900243 0.728682
vt 0.898997 0.715846
vt 0.914193 0.718118
vt 0.911256 0.726911
vt 0.838558 0.720881
vt 0.837811 0.711618
vt 0.853637 0.716435
vt 0.851091 0.726352
vt 0.838785 0.708516
vt 0.845527 0.689359
vt 0.859227 0.689169
vt 0.854386 0.712803
vt 0.871285 0.694739
vt 0.869590 0.714950
vt 0.871285 0.718610
vt 0.864315 0.726261
vt 0.637031 0.523078
vt 0.700511 0.786857
vt 0.311369 0.866797
vt 0.337719 0.523078
vt 0.715235 0.392427
vt 0.278890 0.442118
vt 0.291957 0.056079
vt 0.712135 0.049417
vt 0.933891 0.663426
vt 0.931146 0.650260
vt 0.938806 0.650413
vt 0.940954 0.655238
vt 0.840329 0.729659
vt 0.857283 0.726352
vt 0.857854 0.742298
vt 0.837811 0.742833
vt 0.857854 0.758515
vt 0.840797 0.756040
vt 0.922629 0.686717
vt 0.921821 0.707953
vt 0.819678 0.707868
vt 0.819089 0.689547
vt 0.940752 0.645493
vt 0.933835 0.637035
vt 0.944934 0.643741
vt 0.944660 0.634126
vt 0.944729 0.666300
vt 0.944934 0.656869
vt 0.815570 0.709912
vt 0.855588 0.709283
vt 0.874545 0.760496
vt 0.842649 0.769741
vt 0.916370 0.781818
vt 0.912478 0.799951
vt 0.799942 0.638251
vt 0.799967 0.634126
vt 0.804149 0.634185
vt 0.804515 0.638178
vt 0.907903 0.679099
vt 0.911877 0.677666
vt 0.912291 0.682031
vt 0.908029 0.685350
vt 0.831195 0.700837
vt 0.827258 0.699682
vt 0.827307 0.694025
vt 0.831566 0.696589
vt 0.832878 0.745397
vt 0.827985 0.746460
vt 0.827806 0.736634
vt 0.832408 0.735803
vt 0.904159 0.677581
vt 0.904023 0.682220
vt 0.823328 0.701009
vt 0.823296 0.696428
vt 0.891982 0.773522
vt 0.894574 0.773419
vt 0.893666 0.778011
vt 0.891809 0.778114
vt 0.901434 0.666433
vt 0.903310 0.666802
vt 0.903566 0.671172
vt 0.901742 0.670812
vt 0.827273 0.707205
vt 0.824289 0.707179
vt 0.823982 0.704891
vt 0.827262 0.704526
vt 0.904940 0.671286
vt 0.907883 0.671476
vt 0.907880 0.674171
vt 0.904638 0.673609
vt 0.880121 0.688771
vt 0.880121 0.686392
vt 0.881656 0.686939
vt 0.881656 0.689008
vt 0.830279 0.707051
vt 0.830283 0.704778
vt 0.910913 0.671367
vt 0.910932 0.673656
vt 0.892211 0.767448
vt 0.895664 0.767260
vt 0.895274 0.769531
vt 0.892137 0.769705
vt 0.913942 0.673397
vt 0.916467 0.676146
vt 0.914209 0.676575
vt 0.912432 0.674256
vt 0.831768 0.704215
vt 0.833293 0.705065
vt 0.835800 0.702296
vt 0.836294 0.704558
vt 0.833933 0.706809
vt 0.883427 0.688617
vt 0.881656 0.688617
vt 0.881685 0.686392
vt 0.882814 0.686392
vt 0.925032 0.678747
vt 0.926891 0.678747
vt 0.927260 0.683031
vt 0.924384 0.682976
vt 0.926860 0.686965
vt 0.925001 0.686965
vt 0.901232 0.662489
vt 0.903566 0.662948
vt 0.914579 0.671638
vt 0.911688 0.670106
vt 0.831062 0.708314
vt 0.833528 0.701905
vt 0.820500 0.744866
vt 0.816860 0.744866
vt 0.816870 0.742058
vt 0.819741 0.742058
vt 0.876281 0.686678
vt 0.878350 0.686678
vt 0.877748 0.689169
vt 0.876620 0.689169
vt 0.907917 0.669808
vt 0.880057 0.689008
vt 0.878703 0.689008
vt 0.880121 0.686678
vt 0.904784 0.669806
vt 0.916953 0.673863
vt 0.892237 0.765972
vt 0.895870 0.765771
vt 0.948817 0.734129
vt 0.948630 0.748765
vt 0.943212 0.748883
vt 0.943212 0.734175
vt 0.923173 0.703911
vt 0.916361 0.704065
vt 0.916135 0.689367
vt 0.923379 0.689169
vt 0.950444 0.653490
vt 0.950435 0.678961
vt 0.946004 0.678789
vt 0.945396 0.653426
vt 0.917575 0.648763
vt 0.916953 0.634126
vt 0.918849 0.678732
vt 0.917772 0.653402
vt 0.193474 0.318314
vt 0.193188 0.334882
vt 0.183768 0.334913
vt 0.183884 0.318458
vt 0.196982 0.318549
vt 0.195694 0.334533
vt 0.194873 0.357609
vt 0.184534 0.357852
vt 0.958661 0.093367
vt 0.916024 0.093794
vt 0.917971 0.054175
vt 0.960695 0.059535
vt 0.899761 0.147714
vt 0.905677 0.194878
vt 0.866021 0.194878
vt 0.866679 0.150885
vt 0.830624 0.165992
vt 0.831393 0.209360
vt 0.791258 0.209360
vt 0.797252 0.162919
vt 0.911152 0.093425
vt 0.866021 0.093085
vt 0.869236 0.054175
vt 0.916024 0.060856
vt 0.960695 0.139954
vt 0.917448 0.148038
vt 0.044466 0.443420
vt 0.047741 0.456909
vt 0.037875 0.454289
vt 0.038168 0.443193
vt 0.209145 0.355818
vt 0.201510 0.359483
vt 0.200828 0.338854
vt 0.208485 0.331455
vt 0.939184 0.785693
vt 0.874338 0.651878
vt 0.939184 0.628370
vt 0.134519 0.304870
vt 0.132013 0.309786
vt 0.117270 0.309870
vt 0.114360 0.304921
vt 0.142138 0.330661
vt 0.135645 0.303443
vt 0.147195 0.332431
vt 0.143764 0.389071
vt 0.144545 0.380207
vt 0.151909 0.377529
vt 0.151130 0.389210
vt 0.212816 0.395509
vt 0.212102 0.409884
vt 0.204111 0.410731
vt 0.205200 0.395528
vt 0.153907 0.393631
vt 0.157216 0.377255
vt 0.164943 0.377235
vt 0.161498 0.393541
vt 0.157476 0.318319
vt 0.153907 0.310986
vt 0.161371 0.303443
vt 0.164517 0.313256
vt 0.171885 0.331864
vt 0.170362 0.316122
vt 0.173876 0.315991
vt 0.174458 0.332203
vt 0.054214 0.443708
vt 0.054430 0.419305
vt 0.172516 0.354879
vt 0.183768 0.332561
vt 0.182795 0.355388
vt 0.202191 0.380112
vt 0.209805 0.380181
vt 0.112702 0.303447
vt 0.106840 0.330592
vt 0.101167 0.332439
vt 0.047735 0.406341
vt 0.044678 0.419276
vt 0.038329 0.419260
vt 0.037875 0.408432
vt 0.212816 0.311747
vt 0.209755 0.320834
vt 0.202568 0.315348
vt 0.204913 0.303443
vt 0.165821 0.356714
vt 0.158020 0.353261
vt 0.158823 0.329266
vt 0.166699 0.336193
vt 0.183302 0.316448
vt 0.929786 0.704072
vt 0.930296 0.689376
vt 0.847969 0.128581
vt 0.866021 0.148132
vt 0.847969 0.100566
vt 0.866021 0.093365
vt 0.828870 0.080520
vt 0.828682 0.054175
vt 0.809994 0.087949
vt 0.791780 0.068699
vt 0.834249 0.076775
vt 0.834137 0.100080
vt 0.807024 0.100510
vt 0.809018 0.077283
vt 0.829466 0.120200
vt 0.846643 0.126867
vt 0.844772 0.130303
vt 0.829465 0.124977
vt 0.854010 0.143365
vt 0.850640 0.143269
vt 0.846943 0.160519
vt 0.844940 0.157026
vt 0.829466 0.167755
vt 0.829465 0.163161
vt 0.947153 0.076191
vt 0.949071 0.099466
vt 0.875370 0.077052
vt 0.876601 0.100437
vt 0.881138 0.138812
vt 0.903208 0.141163
vt 0.927120 0.391608
vt 0.916049 0.424687
vt 0.903287 0.422623
vt 0.915575 0.390448
vt 0.947895 0.297909
vt 0.939614 0.330320
vt 0.928349 0.330334
vt 0.935317 0.297757
vt 0.848424 0.418751
vt 0.849256 0.398429
vt 0.886077 0.380023
vt 0.903287 0.391326
vt 0.947895 0.392117
vt 0.935273 0.391946
vt 0.846252 0.100618
vt 0.881027 0.098185
vt 0.895298 0.140241
vt 0.856632 0.131729
vt 0.855043 0.297757
vt 0.853698 0.317225
vt 0.816523 0.333251
vt 0.799652 0.321635
vt 0.903287 0.329327
vt 0.886077 0.338413
vt 0.856448 0.120200
vt 0.868907 0.120200
vt 0.796033 0.382936
vt 0.814094 0.374392
vt 0.144111 0.398278
vt 0.151909 0.400551
vt 0.154380 0.408036
vt 0.162052 0.407167
vt 0.922751 0.734049
vt 0.916824 0.734129
vt 0.916432 0.708700
vt 0.923108 0.708548
vt 0.188838 0.838132
vt 0.047576 0.826972
vt 0.082649 0.617532
vt 0.188838 0.594964
vt 0.897387 0.688364
vt 0.897945 0.680197
vt 0.902299 0.681494
vt 0.902962 0.688364
vt 0.896970 0.736835
vt 0.896970 0.729000
vt 0.898749 0.728969
vt 0.898749 0.736804
vt 0.898749 0.743091
vt 0.898749 0.747601
vt 0.896987 0.747646
vt 0.896987 0.743136
vt 0.822249 0.739906
vt 0.822249 0.745208
vt 0.820500 0.745094
vt 0.820500 0.739792
vt 0.898749 0.736835
vt 0.898749 0.743019
vt 0.896974 0.743091
vt 0.896974 0.736907
vt 0.891809 0.728969
vt 0.896970 0.730258
vt 0.896690 0.739280
vt 0.891920 0.738523
vt 0.817756 0.739792
vt 0.819111 0.739792
vt 0.929626 0.708705
vt 0.928744 0.734129
vt 0.870260 0.388350
vt 0.908111 0.388316
vt 0.907996 0.434684
vt 0.868677 0.434763
vt 0.792284 0.400553
vt 0.796906 0.386499
vt 0.843835 0.392163
vt 0.840254 0.408428
vt 0.796163 0.339404
vt 0.792981 0.306777
vt 0.838726 0.299854
vt 0.847294 0.337315
vt 0.859377 0.385802
vt 0.866490 0.337944
vt 0.906669 0.338338
vt 0.905070 0.393495
vt 0.916024 0.140215
vt 0.869811 0.147714
vt 0.857684 0.304502
vt 0.905818 0.299250
vt 0.811447 0.099859
vt 0.832868 0.098567
vt 0.810635 0.067533
vt 0.829811 0.066803
vt 0.872227 0.196405
vt 0.847452 0.196655
vt 0.871305 0.097512
vt 0.847452 0.040647
vt 0.875130 0.037135
vt 0.902385 0.039994
vt 0.879299 0.094659
vt 0.901594 0.192185
vt 0.876243 0.190887
vt 0.924102 0.054708
vt 0.882425 0.054708
vt 0.876526 0.054888
vt 0.834536 0.054708
vt 0.948414 0.057513
vt 0.877772 0.294874
vt 0.869482 0.386862
vt 0.828961 0.382873
vt 0.837406 0.289308
vt 0.877772 0.447020
vt 0.837671 0.446602
vt 0.877772 0.438889
vt 0.883994 0.384668
vt 0.924358 0.382665
vt 0.918048 0.438876
vt 0.877771 0.293209
vt 0.918005 0.289308
vt 0.807625 0.058578
vt 0.852365 0.046220
vt 0.851953 0.064109
vt 0.834474 0.069378
vt 0.830301 0.052871
vt 0.864258 0.057584
vt 0.864915 0.045089
vt 0.940417 0.103226
vt 0.944245 0.140822
vt 0.892518 0.087230
vt 0.890198 0.075545
vt 0.904788 0.067252
vt 0.904600 0.081735
vt 0.884879 0.086246
vt 0.882162 0.072171
vt 0.915166 0.164073
vt 0.892587 0.154950
vt 0.892528 0.145743
vt 0.907725 0.145937
vt 0.875902 0.164073
vt 0.878859 0.145975
vt 0.879343 0.123330
vt 0.892536 0.125587
vt 0.895249 0.103309
vt 0.887644 0.104323
vt 0.906190 0.123191
vt 0.907381 0.099810
vt 0.880457 0.053483
vt 0.880780 0.042266
vt 0.803237 0.103699
vt 0.811701 0.132632
vt 0.834061 0.115743
vt 0.833949 0.139048
vt 0.803682 0.139419
vt 0.805677 0.116193
vt 0.922761 0.115539
vt 0.922196 0.138812
vt 0.878652 0.138751
vt 0.880301 0.115470
vt 0.950366 0.115183
vt 0.952284 0.138457
vt 0.878398 0.371894
vt 0.835038 0.371603
vt 0.835113 0.355939
vt 0.877577 0.356296
vt 0.806653 0.372053
vt 0.808000 0.356369
vt 0.951343 0.371042
vt 0.923738 0.371399
vt 0.924119 0.355689
vt 0.950048 0.355325
vt 0.881278 0.371329
vt 0.882387 0.355672
vt 0.877422 0.116035
vt 0.878652 0.139419
vt 0.829866 0.047383
vt 0.843228 0.043341
vt 0.887554 0.065013
vt 0.897294 0.058159
vt 0.879724 0.062065
vt 0.907768 0.043148
vt 0.899702 0.043209
vt 0.821433 0.733002
vt 0.818896 0.733489
vt 0.817998 0.732633
vt 0.822461 0.731777
vt 0.818058 0.738372
vt 0.816860 0.739269
vt 0.821433 0.738687
vt 0.822461 0.739792
vt 0.874338 0.651147
vt 0.805975 0.784749
vt 0.805975 0.628370
vt 0.056928 0.408983
vt 0.200318 0.303466
vt 0.908179 0.648774
vt 0.904326 0.648333
vt 0.896532 0.744398
vt 0.891979 0.743676
vt 0.832156 0.730661
vt 0.912659 0.648555
vt 0.948817 0.735439
vt 0.954053 0.734129
vt 0.954053 0.743755
vt 0.949225 0.744543
vt 0.823296 0.745617
vt 0.823518 0.736068
vt 0.954053 0.748914
vt 0.949455 0.749665
vt 0.954053 0.771336
vt 0.950419 0.771178
vt 0.067739 0.424556
vt 0.067672 0.438751
vt 0.213314 0.307374
vt 0.209837 0.320919
vt 0.157443 0.318453
vt 0.153921 0.308194
vt 0.208191 0.331291
vt 0.159069 0.328729
vt 0.156365 0.320126
vt 0.210651 0.321601
vt 0.074866 0.640788
vt 0.091544 0.640916
vt 0.081620 0.665062
vt 0.069449 0.646362
vt 0.141678 0.712933
vt 0.152057 0.713187
vt 0.155809 0.717884
vt 0.141858 0.731812
vt 0.187160 0.640788
vt 0.188653 0.658749
vt 0.179634 0.658583
vt 0.177344 0.644592
vt 0.170185 0.653250
vt 0.166590 0.670083
vt 0.155622 0.642904
vt 0.160125 0.640788
vt 0.118683 0.771802
vt 0.127584 0.762447
vt 0.135780 0.774144
vt 0.118683 0.671617
vt 0.110192 0.682294
vt 0.098696 0.675750
vt 0.111740 0.661411
vt 0.096955 0.748856
vt 0.095797 0.733046
vt 0.112647 0.739495
vt 0.114220 0.750511
vt 0.116439 0.682328
vt 0.143107 0.661289
vt 0.147456 0.671888
vt 0.135214 0.679068
vt 0.126205 0.663160
vt 0.123347 0.694113
vt 0.118683 0.674775
vt 0.053340 0.685980
vt 0.069515 0.685862
vt 0.064555 0.700944
vt 0.176112 0.687411
vt 0.166992 0.678173
vt 0.177339 0.668091
vt 0.195770 0.709730
vt 0.187518 0.717655
vt 0.180369 0.693336
vt 0.085581 0.767830
vt 0.068711 0.766782
vt 0.083273 0.745779
vt 0.086646 0.757132
vt 0.190251 0.674183
vt 0.190925 0.687215
vt 0.177339 0.674804
vt 0.058451 0.663974
vt 0.053771 0.677830
vt 0.099606 0.704616
vt 0.088451 0.707841
vt 0.097246 0.719738
vt 0.114220 0.720508
vt 0.109493 0.700084
vt 0.154218 0.683819
vt 0.146892 0.708245
vt 0.134271 0.707886
vt 0.078374 0.714264
vt 0.057942 0.714264
vt 0.158905 0.737977
vt 0.155837 0.753630
vt 0.177339 0.712523
vt 0.166213 0.712933
vt 0.124548 0.719057
vt 0.118683 0.733243
vt 0.194465 0.673716
vt 0.205666 0.654630
vt 0.204317 0.648538
vt 0.145403 0.756965
vt 0.146378 0.766788
vt 0.086646 0.751336
vt 0.086676 0.731358
vt 0.205666 0.723421
vt 0.059162 0.757122
vt 0.053340 0.743045
vt 0.061957 0.724627
vt 0.083730 0.734564
vt 0.067586 0.714803
vt 0.086646 0.714264
vt 0.088081 0.714265
vt 0.158905 0.728526
vt 0.158905 0.712933
vt 0.166771 0.727233
vt 0.203377 0.695871
vt 0.198998 0.687861
vt 0.137980 0.759287
vt 0.161101 0.741402
vt 0.878350 0.686678
vt 0.158823 0.329266
vt 0.159069 0.328729
vt 0.156365 0.320126
vt 0.210651 0.321601
vt 0.208191 0.331291
vt 0.208485 0.331455
vt 0.948246 0.778731
vt 0.943212 0.778964
vt 0.924884 0.678747
vt 0.918849 0.678732
vt 0.928744 0.734129
vt 0.922751 0.734049
vt 0.884890 0.132492
vt 0.855415 0.147661
vt 0.894188 0.145511
vt 0.816688 0.146595
vt 0.822360 0.161604
vt 0.879287 0.163727
vt 0.860050 0.162394
vt 0.919870 0.155551
vt 0.932067 0.113272
vt 0.920849 0.112618
vt 0.903003 0.154583
vt 0.921620 0.066362
vt 0.903003 0.066116
vt 0.924790 0.196835
vt 0.937141 0.162892
vt 0.912655 0.159265
vt 0.915237 0.145487
vt 0.067739 0.429113
vt 0.079100 0.428762
vt 0.079118 0.406129
vt 0.067739 0.406103
vt 0.067739 0.424540
vt 0.059045 0.419320
vt 0.058832 0.443814
vt 0.067671 0.438853
vt 0.196559 0.380335
vt 0.185300 0.380791
vt 0.187232 0.410212
vt 0.198535 0.410251
vt 0.168257 0.408329
vt 0.179540 0.408476
vt 0.181823 0.378216
vt 0.170575 0.377556
vt 0.931044 0.648763
vt 0.931146 0.634126
vt 0.923931 0.634251
vt 0.924244 0.648847
vt 0.950452 0.634126
vt 0.944934 0.634126
vt 0.945285 0.648782
vt 0.950446 0.648848
vt 0.930834 0.678730
vt 0.931011 0.653400
vt 0.924343 0.653484
vt 0.924884 0.678747
vt 0.828884 0.136145
vt 0.809727 0.115704
vt 0.791258 0.122959
vt 0.828708 0.162919
vt 0.948570 0.753403
vt 0.943212 0.753520
vt 0.943212 0.778964
vt 0.948246 0.778731
vt 0.923708 0.076556
vt 0.923143 0.099830
vt 0.926898 0.182338
vt 0.905053 0.182865
vt 0.878652 0.182319
vt 0.884455 0.212870
vt 0.903208 0.212488
vt 0.900671 0.183798
vt 0.921923 0.208650
vt 0.903208 0.208177
vt 0.859137 0.141781
vt 0.871144 0.139311
vt 0.875219 0.128244
vt 0.854010 0.130833
vt 0.874753 0.137865
vt 0.899830 0.158744
vt 0.902197 0.119043
vt 0.915396 0.326989
vt 0.928349 0.328051
vt 0.915840 0.299081
vt 0.903287 0.297757
vt 0.851330 0.369377
vt 0.827462 0.360515
vt 0.889586 0.290368
vt 0.875092 0.308001
vt 0.894273 0.364642
vt 0.912716 0.350729
vt 0.875092 0.307159
vt 0.859537 0.290368
vt 0.927260 0.678747
vt 0.930990 0.678916
vt 0.916953 0.678747
vt 0.916996 0.684053
vt 0.920764 0.684099
vt 0.920928 0.679112
vt 0.843252 0.663724
vt 0.875214 0.660935
vt 0.916953 0.689121
vt 0.920663 0.688851
vt 0.940626 0.392117
vt 0.928359 0.394906
vt 0.928349 0.456149
vt 0.940730 0.452435
vt 0.908352 0.634841
vt 0.908243 0.643665
vt 0.912890 0.643424
vt 0.913301 0.634304
vt 0.823638 0.730919
vt 0.827712 0.731461
vt 0.827297 0.708690
vt 0.824157 0.708637
vt 0.904023 0.634126
vt 0.904217 0.643190
vt 0.914416 0.714875
vt 0.916135 0.694676
vt 0.911256 0.726911
vt 0.914193 0.718118
vt 0.838558 0.720881
vt 0.851091 0.726352
vt 0.853637 0.716435
vt 0.837811 0.711618
vt 0.838785 0.708516
vt 0.854386 0.712803
vt 0.859227 0.689169
vt 0.845527 0.689359
vt 0.869590 0.714950
vt 0.871285 0.694739
vt 0.864315 0.726261
vt 0.871285 0.718610
vt 0.637031 0.523078
vt 0.700511 0.786857
vt 0.715235 0.392427
vt 0.712135 0.049417
vt 0.933891 0.663426
vt 0.940954 0.655238
vt 0.938806 0.650413
vt 0.931146 0.650260
vt 0.840329 0.729659
vt 0.837811 0.742833
vt 0.840797 0.756040
vt 0.922629 0.686717
vt 0.921821 0.707953
vt 0.940752 0.645493
vt 0.933835 0.637035
vt 0.815570 0.709912
vt 0.842649 0.769741
vt 0.874545 0.760496
vt 0.855588 0.709283
vt 0.804515 0.638178
vt 0.804149 0.634185
vt 0.907903 0.679099
vt 0.908029 0.685350
vt 0.912291 0.682031
vt 0.911877 0.677666
vt 0.831195 0.700837
vt 0.831566 0.696589
vt 0.827307 0.694025
vt 0.827258 0.699682
vt 0.832878 0.745397
vt 0.832408 0.735803
vt 0.827806 0.736634
vt 0.827985 0.746460
vt 0.904159 0.677581
vt 0.904023 0.682220
vt 0.823296 0.696428
vt 0.823328 0.701009
vt 0.891982 0.773522
vt 0.891809 0.778114
vt 0.893666 0.778011
vt 0.894574 0.773419
vt 0.901434 0.666433
vt 0.901742 0.670812
vt 0.903566 0.671172
vt 0.903310 0.666802
vt 0.827273 0.707205
vt 0.827262 0.704526
vt 0.823982 0.704891
vt 0.824289 0.707179
vt 0.904940 0.671286
vt 0.904638 0.673609
vt 0.907880 0.674171
vt 0.907883 0.671476
vt 0.880121 0.688771
vt 0.881656 0.689008
vt 0.881656 0.686939
vt 0.880121 0.686392
vt 0.830279 0.707051
vt 0.830283 0.704778
vt 0.910932 0.673656
vt 0.910913 0.671367
vt 0.892211 0.767448
vt 0.892137 0.769705
vt 0.895274 0.769531
vt 0.895664 0.767260
vt 0.913942 0.673397
vt 0.912432 0.674256
vt 0.914209 0.676575
vt 0.916467 0.676146
vt 0.833293 0.705065
vt 0.831768 0.704215
vt 0.833933 0.706809
vt 0.836294 0.704558
vt 0.835800 0.702296
vt 0.883427 0.688617
vt 0.882814 0.686392
vt 0.881685 0.686392
vt 0.881656 0.688617
vt 0.925032 0.678747
vt 0.924384 0.682976
vt 0.927260 0.683031
vt 0.926891 0.678747
vt 0.925001 0.686965
vt 0.926860 0.686965
vt 0.901232 0.662489
vt 0.903566 0.662948
vt 0.914579 0.671638
vt 0.911688 0.670106
vt 0.831062 0.708314
vt 0.833528 0.701905
vt 0.820500 0.744866
vt 0.819741 0.742058
vt 0.816870 0.742058
vt 0.816860 0.744866
vt 0.876281 0.686678
vt 0.876620 0.689169
vt 0.877748 0.689169
vt 0.878350 0.686678
vt 0.907917 0.669808
vt 0.880057 0.689008
vt 0.880121 0.686678
vt 0.878350 0.686678
vt 0.878703 0.689008
vt 0.904784 0.669806
vt 0.916953 0.673863
vt 0.892237 0.765972
vt 0.895870 0.765771
vt 0.948817 0.734129
vt 0.943212 0.734175
vt 0.943212 0.748883
vt 0.948630 0.748765
vt 0.923173 0.703911
vt 0.923379 0.689169
vt 0.916135 0.689367
vt 0.916361 0.704065
vt 0.950444 0.653490
vt 0.945396 0.653426
vt 0.946004 0.678789
vt 0.950435 0.678961
vt 0.916953 0.634126
vt 0.917575 0.648763
vt 0.917772 0.653402
vt 0.918849 0.678732
vt 0.193474 0.318314
vt 0.183884 0.318458
vt 0.183768 0.334913
vt 0.193188 0.334882
vt 0.196982 0.318549
vt 0.195694 0.334533
vt 0.194873 0.357609
vt 0.184534 0.357852
vt 0.958661 0.093367
vt 0.960695 0.059535
vt 0.917971 0.054175
vt 0.916024 0.093794
vt 0.899761 0.147714
vt 0.866679 0.150885
vt 0.866021 0.194878
vt 0.905677 0.194878
vt 0.830624 0.165992
vt 0.797252 0.162919
vt 0.791258 0.209360
vt 0.831393 0.209360
vt 0.911152 0.093425
vt 0.916024 0.060856
vt 0.869236 0.054175
vt 0.866021 0.093085
vt 0.960695 0.139954
vt 0.917448 0.148038
vt 0.044466 0.443420
vt 0.038168 0.443193
vt 0.037875 0.454289
vt 0.047741 0.456909
vt 0.209145 0.355818
vt 0.208485 0.331455
vt 0.200828 0.338854
vt 0.201510 0.359483
vt 0.939184 0.785693
vt 0.939184 0.628370
vt 0.874338 0.651878
vt 0.134519 0.304870
vt 0.114360 0.304921
vt 0.117270 0.309870
vt 0.132013 0.309786
vt 0.142138 0.330661
vt 0.147195 0.332431
vt 0.135645 0.303443
vt 0.143764 0.389071
vt 0.151130 0.389210
vt 0.151909 0.377529
vt 0.144545 0.380207
vt 0.212816 0.395509
vt 0.205200 0.395528
vt 0.204111 0.410731
vt 0.212102 0.409884
vt 0.153907 0.393631
vt 0.161498 0.393541
vt 0.164943 0.377235
vt 0.157216 0.377255
vt 0.157476 0.318319
vt 0.164517 0.313256
vt 0.161371 0.303443
vt 0.153907 0.310986
vt 0.171885 0.331864
vt 0.174458 0.332203
vt 0.173876 0.315991
vt 0.170362 0.316122
vt 0.054430 0.419305
vt 0.054214 0.443708
vt 0.172516 0.354879
vt 0.182795 0.355388
vt 0.183768 0.332561
vt 0.202191 0.380112
vt 0.209805 0.380181
vt 0.112702 0.303447
vt 0.101167 0.332439
vt 0.106840 0.330592
vt 0.047735 0.406341
vt 0.037875 0.408432
vt 0.038329 0.419260
vt 0.044678 0.419276
vt 0.212816 0.311747
vt 0.204913 0.303443
vt 0.202568 0.315348
vt 0.209755 0.320834
vt 0.165821 0.356714
vt 0.166699 0.336193
vt 0.158823 0.329266
vt 0.158020 0.353261
vt 0.183302 0.316448
vt 0.929786 0.704072
vt 0.930296 0.689376
vt 0.847969 0.128581
vt 0.866021 0.148132
vt 0.847969 0.100566
vt 0.866021 0.093365
vt 0.828870 0.080520
vt 0.828682 0.054175
vt 0.809994 0.087949
vt 0.791780 0.068699
vt 0.834249 0.076775
vt 0.809018 0.077283
vt 0.807024 0.100510
vt 0.834137 0.100080
vt 0.844772 0.130303
vt 0.846643 0.126867
vt 0.850640 0.143269
vt 0.854010 0.143365
vt 0.844940 0.157026
vt 0.846943 0.160519
vt 0.947153 0.076191
vt 0.949071 0.099466
vt 0.927120 0.391608
vt 0.915575 0.390448
vt 0.903287 0.422623
vt 0.916049 0.424687
vt 0.947895 0.297909
vt 0.935317 0.297757
vt 0.928349 0.330334
vt 0.939614 0.330320
vt 0.848424 0.418751
vt 0.903287 0.391326
vt 0.886077 0.380023
vt 0.849256 0.398429
vt 0.935273 0.391946
vt 0.947895 0.392117
vt 0.846252 0.100618
vt 0.856632 0.131729
vt 0.895298 0.140241
vt 0.881027 0.098185
vt 0.855043 0.297757
vt 0.799652 0.321635
vt 0.816523 0.333251
vt 0.853698 0.317225
vt 0.886077 0.338413
vt 0.903287 0.329327
vt 0.868907 0.120200
vt 0.856448 0.120200
vt 0.814094 0.374392
vt 0.796033 0.382936
vt 0.144111 0.398278
vt 0.151909 0.400551
vt 0.154380 0.408036
vt 0.162052 0.407167
vt 0.922751 0.734049
vt 0.923108 0.708548
vt 0.916432 0.708700
vt 0.916824 0.734129
vt 0.188838 0.838132
vt 0.188838 0.594964
vt 0.082649 0.617532
vt 0.047576 0.826972
vt 0.897387 0.688364
vt 0.902962 0.688364
vt 0.902299 0.681494
vt 0.897945 0.680197
vt 0.896970 0.736835
vt 0.898749 0.736804
vt 0.898749 0.728969
vt 0.896970 0.729000
vt 0.898749 0.743091
vt 0.896987 0.743136
vt 0.896987 0.747646
vt 0.898749 0.747601
vt 0.822249 0.739906
vt 0.820500 0.739792
vt 0.820500 0.745094
vt 0.822249 0.745208
vt 0.898749 0.736835
vt 0.896974 0.736907
vt 0.896974 0.743091
vt 0.898749 0.743019
vt 0.891809 0.728969
vt 0.891920 0.738523
vt 0.896690 0.739280
vt 0.896970 0.730258
vt 0.819111 0.739792
vt 0.817756 0.739792
vt 0.929626 0.708705
vt 0.928744 0.734129
vt 0.870260 0.388350
vt 0.868677 0.434763
vt 0.907996 0.434684
vt 0.908111 0.388316
vt 0.792284 0.400553
vt 0.840254 0.408428
vt 0.843835 0.392163
vt 0.796906 0.386499
vt 0.796163 0.339404
vt 0.847294 0.337315
vt 0.838726 0.299854
vt 0.792981 0.306777
vt 0.859377 0.385802
vt 0.905070 0.393495
vt 0.906669 0.338338
vt 0.866490 0.337944
vt 0.916024 0.140215
vt 0.869811 0.147714
vt 0.905818 0.299250
vt 0.857684 0.304502
vt 0.811447 0.099859
vt 0.832868 0.098567
vt 0.810635 0.067533
vt 0.829811 0.066803
vt 0.871305 0.097512
vt 0.875130 0.037135
vt 0.847452 0.040647
vt 0.879299 0.094659
vt 0.902385 0.039994
vt 0.924102 0.054708
vt 0.834536 0.054708
vt 0.948414 0.057513
vt 0.828961 0.382873
vt 0.869482 0.386862
vt 0.837671 0.446602
vt 0.877772 0.447020
vt 0.877772 0.438889
vt 0.918048 0.438876
vt 0.924358 0.382665
vt 0.883994 0.384668
vt 0.807625 0.058578
vt 0.852365 0.046220
vt 0.851953 0.064109
vt 0.864258 0.057584
vt 0.864915 0.045089
vt 0.892518 0.087230
vt 0.904600 0.081735
vt 0.904788 0.067252
vt 0.890198 0.075545
vt 0.884879 0.086246
vt 0.882162 0.072171
vt 0.915166 0.164073
vt 0.907725 0.145937
vt 0.892528 0.145743
vt 0.892587 0.154950
vt 0.878859 0.145975
vt 0.875902 0.164073
vt 0.892536 0.125587
vt 0.879343 0.123330
vt 0.887644 0.104323
vt 0.895249 0.103309
vt 0.906190 0.123191
vt 0.907381 0.099810
vt 0.880457 0.053483
vt 0.880780 0.042266
vt 0.803237 0.103699
vt 0.811701 0.132632
vt 0.834061 0.115743
vt 0.805677 0.116193
vt 0.803682 0.139419
vt 0.833949 0.139048
vt 0.922761 0.115539
vt 0.922196 0.138812
vt 0.950366 0.115183
vt 0.952284 0.138457
vt 0.835113 0.355939
vt 0.835038 0.371603
vt 0.808000 0.356369
vt 0.806653 0.372053
vt 0.951343 0.371042
vt 0.950048 0.355325
vt 0.924119 0.355689
vt 0.923738 0.371399
vt 0.843228 0.043341
vt 0.897294 0.058159
vt 0.887554 0.065013
vt 0.879724 0.062065
vt 0.821433 0.733002
vt 0.822461 0.731777
vt 0.817998 0.732633
vt 0.818896 0.733489
vt 0.816860 0.739269
vt 0.818058 0.738372
vt 0.821433 0.738687
vt 0.822461 0.739792
vt 0.874338 0.651147
vt 0.805975 0.628370
vt 0.805975 0.784749
vt 0.056928 0.408983
vt 0.200318 0.303466
vt 0.908179 0.648774
vt 0.904326 0.648333
vt 0.896532 0.744398
vt 0.891979 0.743676
vt 0.832156 0.730661
vt 0.912659 0.648555
vt 0.948817 0.735439
vt 0.949225 0.744543
vt 0.954053 0.743755
vt 0.954053 0.734129
vt 0.823518 0.736068
vt 0.823296 0.745617
vt 0.954053 0.748914
vt 0.949455 0.749665
vt 0.950419 0.771178
vt 0.954053 0.771336
vt 0.067672 0.438751
vt 0.067739 0.424556
vt 0.209837 0.320919
vt 0.213314 0.307374
vt 0.153921 0.308194
vt 0.157443 0.318453
vt 0.208191 0.331291
vt 0.159069 0.328729
vt 0.156365 0.320126
vt 0.210651 0.321601
vt 0.159069 0.328729
vt 0.158823 0.329266
vt 0.210651 0.321601
vt 0.156365 0.320126
vt 0.208191 0.331291
vt 0.208485 0.331455
vt 0.943212 0.778964
vt 0.948246 0.778731
vt 0.918849 0.678732
vt 0.924884 0.678747
vt 0.922751 0.734049
vt 0.928744 0.734129
vt 0.901784 0.168637
vt 0.833149 0.126259
vt 0.876979 0.167728
vt 0.833600 0.121805
vt 0.889132 0.138766
vt 0.890520 0.115487
vt 0.891497 0.371346
vt 0.891454 0.099817
vt 0.892431 0.355676
vt 0.892842 0.076537
vt 0.892455 0.054708
vt 0.879269 0.315220
vt 0.903652 0.150594
vt 0.919534 0.311776
vt 0.925445 0.149287
vt 0.838681 0.068110
vt 0.835611 0.051270
vt 0.894635 0.426686
vt 0.833082 0.046410
vt 0.879708 0.424619
vt 0.896193 0.645678
vt 0.906465 0.648918
vt 0.801043 0.638233
vt 0.943976 0.656476
vt 0.800973 0.634140
vt 0.902893 0.728256
vt 0.942121 0.665608
vt 0.902654 0.716393
vt 0.902687 0.712890
vt 0.903101 0.690494
vt 0.853203 0.727148
vt 0.853030 0.742427
vt 0.383905 0.430159
vt 0.853749 0.757919
vt 0.393081 0.054476
vt 0.844261 0.707888
vt 0.405023 0.847558
vt 0.844008 0.688866
vt 0.409754 0.523078
vt 0.942055 0.634826
vt 0.931017 0.682224
vt 0.943928 0.644163
vt 0.927260 0.682248
vt 0.906304 0.776686
vt 0.869373 0.427996
vt 0.895672 0.792680
vt 0.850693 0.432812
vt 0.899122 0.046807
vt 0.926124 0.102013
vt 0.907051 0.048949
vt 0.880540 0.149283
vt 0.932465 0.140682
vt 0.902597 0.151424
vt 0.835374 0.311826
vt 0.866420 0.054845
vt 0.875777 0.317013
vt 0.865473 0.076985
vt 0.866381 0.100351
vt 0.867357 0.356210
vt 0.867963 0.371824
vt 0.866986 0.115965
vt 0.833672 0.166014
vt 0.867893 0.139330
vt 0.833189 0.161684
vt 0.872005 0.172605
vt 0.847502 0.172632
vt 0.901784 0.168637
vt 0.833149 0.126259
vt 0.876979 0.167728
vt 0.833600 0.121805
vt 0.889132 0.138766
vt 0.890520 0.115487
vt 0.891497 0.371346
vt 0.891454 0.099817
vt 0.892431 0.355676
vt 0.892842 0.076537
vt 0.892455 0.054708
vt 0.879269 0.315220
vt 0.903652 0.150594
vt 0.919534 0.311776
vt 0.925445 0.149287
vt 0.838681 0.068110
vt 0.835611 0.051270
vt 0.894635 0.426686
vt 0.833082 0.046410
vt 0.879708 0.424619
vt 0.896193 0.645678
vt 0.906465 0.648918
vt 0.801043 0.638233
vt 0.943976 0.656476
vt 0.800973 0.634140
vt 0.902893 0.728256
vt 0.942121 0.665608
vt 0.902654 0.716393
vt 0.902687 0.712890
vt 0.903101 0.690494
vt 0.853203 0.727148
vt 0.853030 0.742427
vt 0.383905 0.430159
vt 0.853749 0.757919
vt 0.393081 0.054476
vt 0.844261 0.707888
vt 0.405023 0.847558
vt 0.844008 0.688866
vt 0.409754 0.523078
vt 0.942055 0.634826
vt 0.931017 0.682224
vt 0.943928 0.644163
vt 0.927260 0.682248
vt 0.906304 0.776686
vt 0.869373 0.427996
vt 0.895672 0.792680
vt 0.850693 0.432812
vt 0.899122 0.046807
vt 0.926124 0.102013
vt 0.907051 0.048949
vt 0.880540 0.149283
vt 0.932465 0.140682
vt 0.902597 0.151424
vt 0.835374 0.311826
vt 0.866420 0.054845
vt 0.875777 0.317013
vt 0.865473 0.076985
vt 0.866381 0.100351
vt 0.867357 0.356210
vt 0.867963 0.371824
vt 0.866986 0.115965
vt 0.833672 0.166014
vt 0.867893 0.139330
vt 0.833189 0.161684
vt 0.872005 0.172605
vt 0.847502 0.172632
vn 0.915607 0.186464 -0.356223
vn 0.915607 0.186464 -0.356223
vn 0.915607 0.186464 -0.356223
vn 0.915607 0.186464 -0.356223
vn 0.920288 0.175019 0.349911
vn 0.920288 0.175019 0.349911
vn 0.920288 0.175019 0.349911
vn 0.920288 0.175019 0.349911
vn 0.033704 -0.106122 0.993782
vn 0.033704 -0.106122 0.993782
vn 0.033704 -0.106122 0.993782
vn 0.033704 -0.106122 0.993782
vn -0.922795 -0.254799 0.289011
vn -0.922795 -0.254799 0.289011
vn -0.922795 -0.254799 0.289011
vn -0.922795 -0.254799 0.289011
vn -0.924771 -0.218202 -0.311746
vn -0.924771 -0.218202 -0.311746
vn -0.924771 -0.218202 -0.311746
vn -0.924771 -0.218202 -0.311746
vn 0.067771 -0.075478 -0.994842
vn 0.067771 -0.075478 -0.994842
vn 0.067771 -0.075478 -0.994842
vn 0.067771 -0.075478 -0.994842
vn -0.608311 -0.733070 0.304246
vn -0.608311 -0.733070 0.304246
vn -0.608311 -0.733070 0.304246
vn -0.608311 -0.733070 0.304246
vn -0.375982 -0.846478 -0.376978
vn -0.375982 -0.846478 -0.376978
vn -0.375982 -0.846478 -0.376978
vn -0.375982 -0.846478 -0.376978
vn 0.001540 -0.041702 -0.999129
vn 0.001540 -0.041702 -0.999129
vn 0.001540 -0.041702 -0.999129
vn 0.001540 -0.041702 -0.999129
vn -0.022364 0.640305 0.767795
vn -0.022364 0.640305 0.767795
vn -0.022364 0.640305 0.767795
vn -0.022364 0.640305 0.767795
vn -0.925709 -0.078401 -0.370021
vn -0.925709 -0.078401 -0.370021
vn -0.925709 -0.078401 -0.370021
vn -0.925709 -0.078401 -0.370021
vn 0.928795 0.013658 -0.370342
vn 0.928795 0.013658 -0.370342
vn 0.928795 0.013658 -0.370342
vn 0.928795 0.013658 -0.370342
vn -0.923357 -0.055377 -0.379928
vn -0.923357 -0.055377 -0.379928
vn -0.923357 -0.055377 -0.379927
vn -0.923357 -0.055377 -0.379928
vn 0.002032 -0.010770 -0.999940
vn 0.002032 -0.010770 -0.999940
vn 0.002032 -0.010770 -0.999940
vn 0.002032 -0.010770 -0.999940
vn -0.922829 -0.059293 -0.380619
vn -0.922829 -0.059293 -0.380619
vn -0.922829 -0.059293 -0.380619
vn -0.922829 -0.059293 -0.380619
vn 0.046844 -0.998896 -0.003536
vn 0.046844 -0.998896 -0.003536
vn 0.046844 -0.998896 -0.003536
vn 0.046844 -0.998896 -0.003536
vn 0.004778 -0.045109 0.998971
vn 0.004778 -0.045109 0.998971
vn 0.004778 -0.045109 0.998971
vn 0.004778 -0.045109 0.998971
vn 0.333206 0.175755 -0.926328
vn 0.333206 0.175755 -0.926328
vn 0.333054 0.178308 -0.925895
vn 0.333070 0.178048 -0.925939
vn 0.319570 -0.177479 -0.930793
vn 0.319570 -0.177479 -0.930793
vn 0.320623 -0.158489 -0.933854
vn 0.320685 -0.157285 -0.934035
vn 0.913675 -0.015450 0.406153
vn 0.913675 -0.015450 0.406153
vn 0.913674 -0.015450 0.406153
vn 0.913675 -0.015450 0.406153
vn 0.877034 -0.111991 -0.467193
vn 0.877034 -0.111991 -0.467193
vn 0.877034 -0.111991 -0.467193
vn 0.877034 -0.111991 -0.467193
vn 0.938233 -0.309249 0.155188
vn 0.938233 -0.309249 0.155188
vn 0.938233 -0.309249 0.155188
vn 0.938233 -0.309249 0.155188
vn 0.306498 -0.007489 0.951842
vn 0.306498 -0.007489 0.951842
vn 0.306498 -0.007489 0.951842
vn 0.306498 -0.007489 0.951842
vn 0.226814 0.653987 0.721704
vn 0.226593 0.654705 0.721123
vn 0.220908 0.672757 0.706115
vn 0.220908 0.672757 0.706115
vn 0.349027 0.872898 -0.340925
vn 0.349027 0.872898 -0.340925
vn 0.349027 0.872898 -0.340925
vn 0.349027 0.872898 -0.340925
vn 0.336994 0.884632 0.322275
vn 0.336994 0.884632 0.322275
vn 0.336994 0.884632 0.322275
vn 0.336994 0.884632 0.322275
vn 0.284918 0.634114 -0.718833
vn 0.283943 0.637284 -0.716412
vn 0.283785 0.637794 -0.716020
vn 0.284918 0.634114 -0.718833
vn 0.394814 0.088745 0.914465
vn 0.394814 0.088745 0.914465
vn 0.394694 0.092616 0.914133
vn 0.394689 0.092785 0.914118
vn 0.917356 0.102586 -0.384623
vn 0.917356 0.102586 -0.384623
vn 0.917356 0.102586 -0.384623
vn 0.917356 0.102586 -0.384623
vn 0.311840 0.571492 -0.759048
vn 0.313967 0.563307 -0.764271
vn 0.309131 0.581666 -0.752398
vn 0.309131 0.581666 -0.752398
vn 0.929402 0.067424 0.362859
vn 0.929402 0.067424 0.362859
vn 0.929402 0.067424 0.362859
vn 0.929402 0.067424 0.362859
vn -0.264362 0.063692 -0.962318
vn -0.264362 0.063692 -0.962318
vn -0.264362 0.063692 -0.962318
vn -0.264362 0.063692 -0.962318
vn 0.178971 0.897440 0.403201
vn 0.178971 0.897440 0.403202
vn 0.178971 0.897440 0.403202
vn 0.178971 0.897440 0.403202
vn 0.011450 -0.870018 -0.492886
vn 0.011450 -0.870018 -0.492886
vn 0.011450 -0.870018 -0.492886
vn 0.011450 -0.870018 -0.492886
vn -0.001282 0.874853 -0.484387
vn -0.001282 0.874853 -0.484387
vn -0.001282 0.874853 -0.484387
vn -0.001282 0.874853 -0.484387
vn 0.304553 0.159047 -0.939123
vn 0.305890 0.164913 -0.937675
vn 0.301362 0.145228 -0.942385
vn 0.301362 0.145228 -0.942385
vn 0.285031 -0.404025 -0.869207
vn 0.285031 -0.404027 -0.869206
vn 0.285034 -0.404015 -0.869211
vn 0.285034 -0.404015 -0.869211
vn 0.817586 -0.483471 -0.312743
vn 0.817586 -0.483471 -0.312743
vn 0.817586 -0.483471 -0.312743
vn 0.817586 -0.483471 -0.312743
vn 0.962186 -0.019629 -0.271685
vn 0.962186 -0.019629 -0.271685
vn 0.962186 -0.019629 -0.271685
vn 0.962186 -0.019629 -0.271685
vn 0.962186 -0.019629 0.271685
vn 0.962186 -0.019629 0.271685
vn 0.962186 -0.019629 0.271685
vn 0.962186 -0.019629 0.271685
vn 0.809283 -0.509084 0.293077
vn 0.809283 -0.509084 0.293077
vn 0.809283 -0.509084 0.293077
vn 0.809283 -0.509084 0.293077
vn 0.289566 -0.568522 0.770022
vn 0.289566 -0.568522 0.770022
vn 0.288840 -0.570789 0.768616
vn 0.289037 -0.570175 0.768999
vn 0.302089 0.145538 0.942104
vn 0.306017 0.165002 0.937618
vn 0.305018 0.159999 0.938810
vn 0.302089 0.145538 0.942104
vn 0.363809 -0.894650 -0.259314
vn 0.363809 -0.894650 -0.259314
vn 0.363809 -0.894650 -0.259314
vn 0.363809 -0.894650 -0.259314
vn 0.390733 0.870709 -0.298654
vn 0.390386 0.868712 -0.304857
vn 0.390380 0.868677 -0.304965
vn 0.390733 0.870709 -0.298654
vn 0.390733 0.870708 0.298654
vn 0.390380 0.868677 0.304965
vn 0.390386 0.868712 0.304858
vn 0.390733 0.870708 0.298654
vn 0.951458 0.065799 0.300663
vn 0.951458 0.065799 0.300663
vn 0.951458 0.065799 0.300663
vn 0.951458 0.065799 0.300663
vn 0.944861 -0.024760 -0.326534
vn 0.944861 -0.024760 -0.326534
vn 0.944861 -0.024760 -0.326534
vn 0.944861 -0.024760 -0.326534
vn 0.392872 0.109580 -0.913041
vn 0.393263 0.112447 -0.912524
vn 0.391188 0.097493 -0.915132
vn 0.391188 0.097493 -0.915132
vn 0.414865 0.642316 0.644451
vn 0.414865 0.642316 0.644451
vn 0.408474 0.669521 0.620396
vn 0.404195 0.686069 0.604926
vn 0.388993 -0.888822 0.242241
vn 0.388993 -0.888822 0.242241
vn 0.388993 -0.888822 0.242241
vn 0.388993 -0.888822 0.242241
vn 0.208105 -0.884477 0.417603
vn 0.208301 -0.884077 0.418352
vn 0.209035 -0.882572 0.421155
vn 0.209035 -0.882572 0.421155
vn 0.195018 -0.897757 -0.394969
vn 0.194698 -0.898353 -0.393769
vn 0.196191 -0.895546 -0.399382
vn 0.196191 -0.895546 -0.399382
vn 0.249579 0.951966 0.177400
vn 0.249579 0.951966 0.177400
vn 0.249579 0.951966 0.177400
vn 0.249579 0.951966 0.177400
vn 0.259747 0.950986 -0.167802
vn 0.259747 0.950986 -0.167802
vn 0.259747 0.950986 -0.167802
vn 0.259747 0.950986 -0.167802
vn 0.228968 0.770166 0.595330
vn 0.228968 0.770166 0.595330
vn 0.234522 0.757610 0.609119
vn 0.233877 0.759093 0.607519
vn 0.389351 0.145060 -0.909595
vn 0.389354 0.144986 -0.909606
vn 0.389432 0.142811 -0.909916
vn 0.389432 0.142811 -0.909916
vn 0.280525 0.844836 0.455585
vn 0.280525 0.844836 0.455585
vn 0.280525 0.844836 0.455585
vn 0.280525 0.844836 0.455585
vn -0.188054 -0.975487 0.114285
vn -0.188054 -0.975487 0.114285
vn -0.188054 -0.975487 0.114285
vn -0.188054 -0.975487 0.114285
vn 0.090106 -0.884390 0.457968
vn 0.090106 -0.884390 0.457968
vn 0.090106 -0.884390 0.457968
vn 0.090106 -0.884390 0.457968
vn 0.348109 0.835105 -0.425935
vn 0.348109 0.835105 -0.425935
vn 0.348109 0.835105 -0.425935
vn 0.348109 0.835105 -0.425935
vn -0.101398 -0.990235 -0.095677
vn -0.101398 -0.990235 -0.095677
vn -0.101398 -0.990235 -0.095677
vn -0.101398 -0.990235 -0.095677
vn 0.057608 0.032301 -0.997817
vn 0.057608 0.032301 -0.997817
vn 0.057608 0.032301 -0.997817
vn 0.057608 0.032301 -0.997817
vn -0.160927 0.000000 0.986966
vn -0.160927 0.000000 0.986966
vn -0.160927 0.000000 0.986966
vn -0.160927 0.000000 0.986966
vn 0.010379 -0.946504 -0.322524
vn 0.010379 -0.946504 -0.322524
vn 0.010379 -0.946504 -0.322524
vn 0.010379 -0.946504 -0.322524
vn 0.101911 0.866863 -0.488019
vn 0.101911 0.866863 -0.488019
vn 0.101911 0.866863 -0.488019
vn 0.101911 0.866863 -0.488019
vn 0.956201 0.000000 -0.292712
vn 0.956201 0.000000 -0.292712
vn 0.956201 0.000000 -0.292712
vn 0.956201 0.000000 -0.292712
vn 0.028801 -0.870463 0.491391
vn 0.028801 -0.870463 0.491391
vn 0.028801 -0.870463 0.491391
vn 0.028801 -0.870463 0.491391
vn 0.060136 0.854701 0.515626
vn 0.060136 0.854701 0.515626
vn 0.060136 0.854701 0.515626
vn 0.060136 0.854701 0.515626
vn -0.060325 0.002011 -0.998177
vn -0.060325 0.002011 -0.998177
vn -0.060325 0.002011 -0.998177
vn -0.060325 0.002011 -0.998177
vn 0.426749 0.889760 -0.161901
vn 0.426749 0.889760 -0.161901
vn 0.426749 0.889760 -0.161901
vn 0.426749 0.889760 -0.161901
vn 0.113716 -0.963354 -0.242938
vn 0.113716 -0.963354 -0.242938
vn 0.113716 -0.963354 -0.242938
vn 0.113716 -0.963354 -0.242938
vn -0.080309 -0.923814 0.374324
vn -0.080309 -0.923814 0.374324
vn -0.080309 -0.923814 0.374324
vn -0.080309 -0.923814 0.374324
vn 0.970286 0.000000 0.241963
vn 0.970286 0.000000 0.241963
vn 0.970286 0.000000 0.241963
vn 0.970286 0.000000 0.241963
vn 0.849984 -0.123743 -0.512069
vn 0.849984 -0.123743 -0.512069
vn 0.849984 -0.123743 -0.512069
vn 0.849984 -0.123743 -0.512069
vn 0.767338 -0.121042 0.629716
vn 0.767338 -0.121042 0.629716
vn 0.767338 -0.121042 0.629716
vn 0.767338 -0.121042 0.629716
vn -0.022273 -0.985549 -0.167919
vn -0.022273 -0.985549 -0.167919
vn -0.022273 -0.985549 -0.167919
vn -0.022273 -0.985549 -0.167919
vn 0.162455 0.841609 -0.515075
vn 0.162455 0.841609 -0.515075
vn 0.162455 0.841609 -0.515075
vn 0.162455 0.841609 -0.515075
vn -0.296001 0.000000 0.955188
vn -0.296001 0.000000 0.955188
vn -0.296001 0.000000 0.955188
vn -0.296001 0.000000 0.955188
vn -0.093920 -0.935153 0.341568
vn -0.093920 -0.935153 0.341568
vn -0.093920 -0.935153 0.341568
vn -0.093920 -0.935153 0.341568
vn 0.062593 0.842938 0.534357
vn 0.062593 0.842938 0.534357
vn 0.062593 0.842938 0.534357
vn 0.062593 0.842938 0.534357
vn 0.085445 0.987873 0.129641
vn 0.085445 0.987873 0.129641
vn 0.085445 0.987873 0.129641
vn 0.085445 0.987873 0.129641
vn -0.035302 -0.995338 -0.089760
vn -0.035302 -0.995338 -0.089761
vn -0.035302 -0.995337 -0.089761
vn -0.035302 -0.995338 -0.089760
vn -0.068767 0.025342 -0.997311
vn -0.068767 0.025342 -0.997311
vn -0.068767 0.025342 -0.997311
vn -0.068767 0.025342 -0.997311
vn 0.271004 -0.961813 -0.038375
vn 0.271004 -0.961813 -0.038375
vn 0.271004 -0.961813 -0.038375
vn 0.271004 -0.961813 -0.038375
vn -0.917272 0.000000 0.398261
vn -0.917272 0.000000 0.398261
vn -0.917272 0.000000 0.398261
vn -0.917272 0.000000 0.398261
vn 0.363115 0.931738 -0.003517
vn 0.363115 0.931738 -0.003517
vn 0.363115 0.931738 -0.003517
vn 0.363115 0.931738 -0.003517
vn 0.664800 0.000000 -0.747021
vn 0.664800 0.000000 -0.747021
vn 0.664800 0.000000 -0.747021
vn 0.664800 0.000000 -0.747021
vn 0.041420 0.939982 0.338702
vn 0.041420 0.939982 0.338702
vn 0.041420 0.939982 0.338702
vn 0.041420 0.939982 0.338702
vn 0.330841 -0.832859 0.443723
vn 0.330841 -0.832859 0.443723
vn 0.330841 -0.832859 0.443723
vn 0.330841 -0.832859 0.443723
vn 0.137113 0.000000 0.990555
vn 0.137113 0.000000 0.990555
vn 0.137113 0.000000 0.990555
vn 0.137113 0.000000 0.990555
vn 0.015180 0.930806 -0.365198
vn 0.015180 0.930806 -0.365198
vn 0.015180 0.930806 -0.365198
vn 0.015180 0.930806 -0.365198
vn 0.150810 -0.886191 -0.438089
vn 0.150810 -0.886191 -0.438089
vn 0.150810 -0.886191 -0.438089
vn 0.150810 -0.886191 -0.438089
vn -0.001819 0.964829 0.262873
vn -0.001819 0.964829 0.262873
vn -0.001819 0.964829 0.262873
vn -0.001819 0.964829 0.262873
vn 0.168148 0.001810 -0.985760
vn 0.168148 0.001810 -0.985760
vn 0.168148 0.001810 -0.985760
vn 0.168148 0.001810 -0.985760
vn 0.003178 -0.039205 0.999226
vn 0.003178 -0.039205 0.999226
vn 0.003178 -0.039205 0.999226
vn 0.003178 -0.039205 0.999226
vn 0.924825 0.028583 -0.379317
vn 0.924825 0.028583 -0.379317
vn 0.924825 0.028583 -0.379317
vn 0.924825 0.028582 -0.379317
vn 0.004147 -0.010669 -0.999935
vn 0.004147 -0.010669 -0.999935
vn 0.004147 -0.010669 -0.999935
vn 0.004147 -0.010669 -0.999934
vn -0.929148 -0.064335 0.364066
vn -0.929148 -0.064335 0.364066
vn -0.929149 -0.064335 0.364066
vn -0.929148 -0.064335 0.364066
vn -0.934052 -0.074074 0.349372
vn -0.934052 -0.074074 0.349372
vn -0.934052 -0.074074 0.349372
vn -0.934052 -0.074074 0.349372
vn -0.933070 -0.245250 0.263120
vn -0.933070 -0.245250 0.263120
vn -0.933070 -0.245250 0.263120
vn -0.933070 -0.245250 0.263120
vn -0.969489 -0.018680 0.244424
vn -0.969489 -0.018680 0.244424
vn -0.969489 -0.018680 0.244424
vn -0.969489 -0.018680 0.244424
vn -0.969008 -0.208250 -0.132873
vn -0.969008 -0.208250 -0.132873
vn -0.969008 -0.208250 -0.132873
vn -0.969008 -0.208250 -0.132873
vn -0.928521 0.035576 0.369571
vn -0.928521 0.035576 0.369572
vn -0.928521 0.035576 0.369571
vn -0.928521 0.035576 0.369571
vn -0.004537 0.177010 -0.984199
vn -0.004537 0.177010 -0.984199
vn -0.004537 0.177010 -0.984199
vn -0.004537 0.177010 -0.984199
vn -0.006904 0.152253 0.988317
vn -0.006904 0.152253 0.988318
vn -0.006904 0.152253 0.988318
vn -0.006904 0.152253 0.988317
vn 0.900991 0.204119 -0.382820
vn 0.900991 0.204119 -0.382820
vn 0.900991 0.204119 -0.382820
vn 0.900991 0.204119 -0.382820
vn -0.925540 0.044034 -0.376082
vn -0.925540 0.044034 -0.376082
vn -0.925540 0.044034 -0.376082
vn -0.925540 0.044034 -0.376082
vn -0.714932 -0.208662 0.667333
vn -0.714932 -0.208662 0.667333
vn -0.714932 -0.208662 0.667333
vn -0.714932 -0.208662 0.667333
vn -0.909703 0.406614 -0.084288
vn -0.909703 0.406614 -0.084288
vn -0.909704 0.406614 -0.084289
vn -0.909704 0.406614 -0.084288
vn 0.880872 0.121444 -0.457511
vn 0.880872 0.121444 -0.457511
vn 0.880872 0.121444 -0.457511
vn -0.012807 0.965416 0.260400
vn -0.012807 0.965416 0.260400
vn -0.012807 0.965416 0.260400
vn -0.012807 0.965416 0.260400
vn -0.209719 0.975792 -0.062031
vn -0.209719 0.975792 -0.062031
vn -0.209719 0.975792 -0.062031
vn -0.209719 0.975792 -0.062031
vn 0.358677 0.076759 -0.930300
vn 0.358677 0.076759 -0.930300
vn 0.358677 0.076759 -0.930300
vn 0.358677 0.076759 -0.930300
vn -0.892724 0.201830 -0.402876
vn -0.892724 0.201830 -0.402876
vn -0.892724 0.201830 -0.402876
vn -0.892724 0.201830 -0.402876
vn 0.917900 0.172284 -0.357460
vn 0.917900 0.172284 -0.357460
vn 0.917900 0.172284 -0.357460
vn 0.917900 0.172284 -0.357460
vn 0.661634 0.497067 0.561396
vn 0.661634 0.497067 0.561396
vn 0.661634 0.497067 0.561396
vn 0.661634 0.497067 0.561396
vn -0.989890 0.004025 -0.141784
vn -0.989890 0.004025 -0.141783
vn -0.989890 0.004025 -0.141783
vn -0.989890 0.004025 -0.141784
vn 0.966822 0.019449 0.254711
vn 0.966822 0.019449 0.254711
vn 0.966822 0.019449 0.254711
vn 0.966822 0.019449 0.254711
vn 0.002002 -0.068601 0.997642
vn 0.002002 -0.068601 0.997642
vn 0.002002 -0.068601 0.997642
vn 0.002002 -0.068601 0.997642
vn 0.985742 -0.094860 -0.138976
vn 0.985742 -0.094860 -0.138976
vn 0.985742 -0.094860 -0.138976
vn 0.985742 -0.094860 -0.138976
vn -0.988712 -0.046357 -0.142477
vn -0.988712 -0.046357 -0.142477
vn -0.988712 -0.046357 -0.142477
vn -0.988712 -0.046357 -0.142477
vn -0.981009 0.171749 -0.090129
vn -0.981009 0.171749 -0.090129
vn -0.981009 0.171749 -0.090129
vn -0.981009 0.171749 -0.090129
vn -0.983349 -0.123692 -0.133137
vn -0.983349 -0.123692 -0.133137
vn -0.983349 -0.123692 -0.133137
vn -0.983349 -0.123692 -0.133137
vn 0.264468 0.960534 0.086202
vn 0.264468 0.960534 0.086202
vn 0.264468 0.960534 0.086202
vn -0.028734 0.972354 -0.231739
vn -0.028734 0.972354 -0.231739
vn -0.028734 0.972354 -0.231739
vn -0.028734 0.972354 -0.231739
vn 0.005148 0.999895 -0.013578
vn 0.005148 0.999895 -0.013578
vn 0.005148 0.999895 -0.013578
vn 0.005148 0.999895 -0.013578
vn 0.719093 -0.135128 0.681650
vn 0.719093 -0.135128 0.681650
vn 0.719093 -0.135128 0.681650
vn 0.719093 -0.135128 0.681650
vn -0.705117 0.422879 0.569195
vn -0.705117 0.422879 0.569195
vn -0.705117 0.422879 0.569195
vn -0.705117 0.422879 0.569195
vn 0.990198 -0.020302 -0.138190
vn 0.990198 -0.020302 -0.138190
vn 0.990198 -0.020302 -0.138190
vn 0.990198 -0.020302 -0.138190
vn 0.843735 0.530766 -0.079991
vn 0.843735 0.530766 -0.079991
vn 0.843735 0.530766 -0.079991
vn 0.843735 0.530766 -0.079991
vn 0.951684 -0.134895 0.275865
vn 0.951684 -0.134895 0.275865
vn 0.951684 -0.134895 0.275865
vn 0.951684 -0.134895 0.275865
vn 0.931362 0.019558 0.363569
vn 0.931362 0.019558 0.363569
vn 0.931362 0.019558 0.363569
vn 0.931362 0.019558 0.363569
vn 0.038083 -0.999250 -0.007050
vn 0.038083 -0.999250 -0.007050
vn 0.038083 -0.999250 -0.007050
vn 0.038083 -0.999250 -0.007050
vn 0.029043 -0.999572 -0.003547
vn 0.029043 -0.999572 -0.003547
vn 0.029043 -0.999572 -0.003547
vn 0.029043 -0.999572 -0.003547
vn 0.029069 -0.999571 0.003463
vn 0.029069 -0.999571 0.003463
vn 0.029069 -0.999572 0.003463
vn 0.029069 -0.999571 0.003463
vn 0.038544 -0.999232 0.007127
vn 0.038544 -0.999232 0.007127
vn 0.038544 -0.999232 0.007127
vn 0.038544 -0.999232 0.007127
vn 0.046830 -0.998896 0.003813
vn 0.046830 -0.998896 0.003813
vn 0.046830 -0.998896 0.003813
vn 0.046830 -0.998896 0.003813
vn 0.920997 0.080126 0.381241
vn 0.920997 0.080126 0.381241
vn 0.920997 0.080126 0.381241
vn 0.920997 0.080126 0.381241
vn 0.002192 -0.999926 -0.011977
vn 0.002260 -0.999924 -0.012162
vn 0.002081 -0.999930 -0.011675
vn 0.002081 -0.999930 -0.011675
vn -0.000322 -0.999964 -0.008525
vn -0.000322 -0.999964 -0.008525
vn -0.000322 -0.999964 -0.008525
vn -0.000322 -0.999964 -0.008525
vn -0.000380 -0.999921 -0.012584
vn -0.000380 -0.999921 -0.012584
vn -0.000380 -0.999921 -0.012584
vn -0.000380 -0.999921 -0.012584
vn 0.002169 -0.999952 -0.009576
vn 0.002401 -0.999957 -0.009003
vn 0.002306 -0.999955 -0.009238
vn 0.002169 -0.999952 -0.009576
vn 0.895774 0.092370 -0.434806
vn 0.895774 0.092370 -0.434806
vn 0.895774 0.092370 -0.434806
vn 0.895774 0.092370 -0.434806
vn 0.347440 0.128650 0.928835
vn 0.347426 0.128942 0.928800
vn 0.347600 0.125324 0.929230
vn 0.347600 0.125324 0.929230
vn 0.418258 -0.019070 0.908128
vn 0.418260 -0.017743 0.908154
vn 0.418138 0.011054 0.908316
vn 0.418138 0.011054 0.908316
vn -0.162943 -0.876580 -0.452833
vn -0.162943 -0.876580 -0.452833
vn -0.162943 -0.876580 -0.452833
vn -0.162943 -0.876580 -0.452833
vn -0.084338 0.869705 -0.486313
vn -0.084338 0.869705 -0.486313
vn -0.084338 0.869705 -0.486313
vn -0.084338 0.869705 -0.486313
vn 0.923117 -0.285680 -0.257377
vn 0.923117 -0.285680 -0.257377
vn 0.923117 -0.285680 -0.257377
vn 0.923117 -0.285680 -0.257377
vn 0.098275 -0.886491 0.452190
vn 0.098275 -0.886491 0.452190
vn 0.098275 -0.886491 0.452190
vn 0.098275 -0.886491 0.452190
vn 0.165701 0.898322 0.406892
vn 0.165701 0.898322 0.406892
vn 0.165701 0.898322 0.406892
vn 0.165701 0.898322 0.406892
vn 0.424530 0.035889 0.904702
vn 0.424530 0.035889 0.904702
vn 0.424530 0.035889 0.904702
vn 0.424530 0.035889 0.904702
vn 0.921540 -0.290739 -0.257361
vn 0.921540 -0.290739 -0.257361
vn 0.921540 -0.290739 -0.257361
vn 0.921540 -0.290739 -0.257361
vn 0.920612 -0.292741 -0.258410
vn 0.920612 -0.292741 -0.258410
vn 0.920612 -0.292741 -0.258410
vn 0.920612 -0.292741 -0.258410
vn 0.922223 -0.292628 -0.252732
vn 0.922223 -0.292628 -0.252732
vn 0.922223 -0.292628 -0.252732
vn 0.922223 -0.292628 -0.252732
vn 0.934900 -0.302799 -0.185134
vn 0.934900 -0.302799 -0.185134
vn 0.934900 -0.302799 -0.185134
vn 0.934900 -0.302799 -0.185134
vn 0.920415 -0.291726 -0.260254
vn 0.920415 -0.291726 -0.260254
vn 0.920415 -0.291726 -0.260254
vn 0.920415 -0.291726 -0.260254
vn 0.921395 -0.291811 -0.256668
vn 0.921395 -0.291811 -0.256668
vn 0.921395 -0.291811 -0.256668
vn 0.921395 -0.291811 -0.256668
vn -0.300622 0.101621 -0.948314
vn -0.300622 0.101621 -0.948314
vn -0.300622 0.101621 -0.948314
vn -0.300622 0.101621 -0.948314
vn 0.841731 0.279509 -0.461914
vn 0.841731 0.279509 -0.461914
vn 0.841731 0.279509 -0.461914
vn 0.841731 0.279509 -0.461914
vn -0.916551 0.100786 -0.387009
vn -0.916551 0.100786 -0.387009
vn -0.916551 0.100786 -0.387009
vn -0.916551 0.100786 -0.387009
vn 0.915922 0.030401 -0.400203
vn 0.915922 0.030401 -0.400203
vn 0.915922 0.030401 -0.400203
vn 0.915922 0.030401 -0.400203
vn 0.000005 -0.156115 -0.987739
vn 0.000005 -0.156115 -0.987739
vn 0.000005 -0.156115 -0.987739
vn 0.000005 -0.156115 -0.987739
vn -0.000002 0.156121 0.987738
vn -0.000002 0.156121 0.987738
vn -0.000002 0.156121 0.987738
vn -0.000002 0.156121 0.987738
vn -0.949203 0.310810 -0.049104
vn -0.949203 0.310810 -0.049104
vn -0.949203 0.310810 -0.049104
vn -0.949203 0.310810 -0.049104
vn -0.110472 -0.981699 0.155125
vn -0.110472 -0.981699 0.155125
vn -0.110472 -0.981699 0.155125
vn -0.110472 -0.981699 0.155125
vn 0.388451 0.910177 -0.143822
vn 0.388451 0.910176 -0.143822
vn 0.388451 0.910176 -0.143822
vn 0.388451 0.910177 -0.143822
vn 0.884191 -0.461396 0.072933
vn 0.884191 -0.461396 0.072933
vn 0.884191 -0.461396 0.072933
vn 0.884191 -0.461396 0.072933
vn -0.166757 0.053553 -0.984543
vn -0.166757 0.053553 -0.984543
vn -0.166757 0.053553 -0.984543
vn -0.166757 0.053553 -0.984543
vn -0.778626 0.000000 0.627489
vn -0.778626 0.000000 0.627489
vn -0.778626 0.000000 0.627489
vn -0.778626 0.000000 0.627489
vn 0.002805 -0.010734 -0.999938
vn 0.002805 -0.010734 -0.999938
vn 0.002805 -0.010734 -0.999939
vn 0.002805 -0.010734 -0.999938
vn -0.931237 -0.064308 0.358694
vn -0.931237 -0.064308 0.358694
vn -0.931237 -0.064308 0.358694
vn -0.931237 -0.064308 0.358694
vn 0.933326 0.019783 0.358484
vn 0.933326 0.019783 0.358484
vn 0.933326 0.019783 0.358484
vn 0.933326 0.019783 0.358484
vn -0.921153 -0.055202 -0.385267
vn -0.921153 -0.055202 -0.385267
vn -0.921153 -0.055202 -0.385267
vn -0.921153 -0.055202 -0.385267
vn 0.003761 -0.039170 0.999226
vn 0.003761 -0.039170 0.999225
vn 0.003761 -0.039170 0.999226
vn 0.003761 -0.039170 0.999225
vn 0.922724 0.028524 -0.384404
vn 0.922724 0.028524 -0.384404
vn 0.922724 0.028524 -0.384404
vn 0.922724 0.028524 -0.384404
vn 0.936527 0.023183 0.349829
vn 0.936527 0.023183 0.349829
vn 0.936527 0.023183 0.349829
vn 0.936527 0.023183 0.349829
vn -0.007090 0.113991 0.993456
vn -0.007090 0.113991 0.993456
vn -0.007090 0.113991 0.993457
vn -0.007090 0.113991 0.993457
vn 0.013694 0.135124 -0.990734
vn 0.013694 0.135124 -0.990734
vn 0.013694 0.135124 -0.990734
vn 0.013694 0.135124 -0.990734
vn 0.897906 0.197868 0.393209
vn 0.897906 0.197868 0.393209
vn 0.897906 0.197868 0.393209
vn 0.897906 0.197868 0.393209
vn -0.935305 -0.055195 0.349510
vn -0.935305 -0.055195 0.349510
vn -0.935305 -0.055195 0.349510
vn -0.935305 -0.055195 0.349510
vn 0.905811 0.192362 0.377497
vn 0.905811 0.192362 0.377497
vn 0.905811 0.192362 0.377497
vn 0.905811 0.192362 0.377497
vn -0.932576 -0.046440 -0.357973
vn -0.932576 -0.046440 -0.357973
vn -0.932576 -0.046440 -0.357973
vn -0.932576 -0.046440 -0.357973
vn 0.915321 0.124879 0.382875
vn 0.915321 0.124879 0.382875
vn 0.915321 0.124879 0.382875
vn 0.915321 0.124879 0.382875
vn 0.911589 0.139843 -0.386587
vn 0.911589 0.139843 -0.386587
vn 0.911589 0.139843 -0.386587
vn 0.911589 0.139843 -0.386587
vn 0.349666 0.057896 0.935084
vn 0.349663 0.057986 0.935079
vn 0.348996 0.076653 0.933984
vn 0.348996 0.076653 0.933984
vn 0.933610 0.020523 0.357703
vn 0.933610 0.020523 0.357703
vn 0.933610 0.020523 0.357703
vn 0.933610 0.020523 0.357703
vn 0.925454 0.002269 -0.378853
vn 0.925454 0.002269 -0.378853
vn 0.925454 0.002269 -0.378853
vn 0.925454 0.002269 -0.378853
vn 0.313391 0.118658 -0.942182
vn 0.313391 0.118658 -0.942182
vn 0.313982 0.106104 -0.943481
vn 0.313965 0.106497 -0.943443
vn 0.894847 0.209977 -0.393902
vn 0.894847 0.209977 -0.393902
vn 0.894847 0.209977 -0.393902
vn 0.894847 0.209977 -0.393902
vn 0.341537 -0.050802 -0.938495
vn 0.341537 -0.050802 -0.938495
vn 0.341453 -0.055192 -0.938277
vn 0.341450 -0.055337 -0.938270
vn 0.344320 -0.101696 0.933328
vn 0.344322 -0.101625 0.933335
vn 0.344363 -0.100182 0.933476
vn 0.344363 -0.100182 0.933476
vn 0.888434 -0.056738 -0.455485
vn 0.888434 -0.056738 -0.455485
vn 0.888434 -0.056738 -0.455485
vn 0.888434 -0.056738 -0.455485
vn 0.353127 -0.109889 0.929099
vn 0.353132 -0.109718 0.929118
vn 0.353223 -0.106355 0.929474
vn 0.353223 -0.106355 0.929474
vn 0.920187 -0.063343 0.386322
vn 0.920187 -0.063343 0.386322
vn 0.920187 -0.063343 0.386322
vn 0.920187 -0.063343 0.386322
vn 0.878555 -0.057934 -0.474115
vn 0.878555 -0.057934 -0.474115
vn 0.878555 -0.057934 -0.474115
vn 0.878555 -0.057934 -0.474115
vn 0.358159 -0.050816 -0.932277
vn 0.358075 -0.055103 -0.932065
vn 0.358072 -0.055250 -0.932058
vn 0.358159 -0.050816 -0.932277
vn 0.921619 -0.062986 0.382951
vn 0.921619 -0.062986 0.382951
vn 0.921619 -0.062986 0.382951
vn 0.921619 -0.062986 0.382951
vn 0.291847 0.135187 -0.946863
vn 0.291847 0.135187 -0.946863
vn 0.291984 0.131718 -0.947310
vn 0.291960 0.132353 -0.947229
vn -0.089683 0.211633 -0.973226
vn -0.089683 0.211633 -0.973226
vn -0.089683 0.211633 -0.973226
vn -0.089683 0.211633 -0.973226
vn 0.382974 0.201549 0.901504
vn 0.382974 0.201549 0.901504
vn 0.380373 0.221969 0.897801
vn 0.378714 0.234309 0.895363
vn 0.213103 0.866484 0.451435
vn 0.213103 0.866484 0.451434
vn 0.213103 0.866484 0.451434
vn 0.213103 0.866484 0.451434
vn 0.039392 0.885016 -0.463892
vn 0.039392 0.885016 -0.463892
vn 0.039392 0.885016 -0.463892
vn 0.039392 0.885016 -0.463892
vn 0.401197 -0.855015 0.328620
vn 0.401197 -0.855015 0.328620
vn 0.401197 -0.855015 0.328620
vn 0.401197 -0.855015 0.328620
vn 0.167994 -0.937789 -0.303858
vn 0.167994 -0.937789 -0.303858
vn 0.167994 -0.937789 -0.303858
vn 0.167994 -0.937789 -0.303858
vn -0.032792 -0.911224 -0.410605
vn -0.032792 -0.911224 -0.410605
vn -0.032792 -0.911224 -0.410605
vn -0.032792 -0.911224 -0.410605
vn 0.021946 0.864411 -0.502307
vn 0.021946 0.864411 -0.502307
vn 0.021946 0.864411 -0.502307
vn 0.021946 0.864411 -0.502307
vn -0.029061 -0.915761 0.400670
vn -0.029061 -0.915761 0.400670
vn -0.029061 -0.915761 0.400670
vn -0.029061 -0.915761 0.400670
vn 0.083502 0.900407 0.426960
vn 0.083502 0.900407 0.426960
vn 0.083502 0.900407 0.426960
vn 0.083502 0.900407 0.426960
vn -0.001891 0.060235 -0.998183
vn -0.001891 0.060235 -0.998183
vn -0.001891 0.060235 -0.998182
vn -0.001891 0.060235 -0.998182
vn 0.080865 0.062370 0.994772
vn 0.080865 0.062370 0.994772
vn 0.080865 0.062370 0.994772
vn 0.080865 0.062370 0.994772
vn 0.921040 0.080129 0.381136
vn 0.921040 0.080129 0.381136
vn 0.921040 0.080129 0.381136
vn 0.921040 0.080129 0.381136
vn 0.350812 0.175000 -0.919949
vn 0.350812 0.175000 -0.919949
vn 0.350662 0.177450 -0.919537
vn 0.350678 0.177192 -0.919580
vn 0.906788 0.091100 -0.411626
vn 0.906788 0.091100 -0.411626
vn 0.906788 0.091100 -0.411626
vn 0.906788 0.091100 -0.411626
vn 0.359918 0.128242 0.924128
vn 0.359903 0.128540 0.924093
vn 0.360079 0.125016 0.924507
vn 0.360079 0.125016 0.924507
vn 0.921019 0.080134 0.381187
vn 0.921019 0.080134 0.381187
vn 0.921019 0.080134 0.381187
vn 0.921019 0.080134 0.381187
vn 0.901849 0.091692 -0.422210
vn 0.901849 0.091692 -0.422210
vn 0.901849 0.091692 -0.422210
vn 0.901849 0.091692 -0.422210
vn 0.342216 0.175348 -0.923115
vn 0.342065 0.177846 -0.922693
vn 0.342080 0.177588 -0.922737
vn 0.342216 0.175348 -0.923115
vn 0.371706 0.127945 0.919492
vn 0.371690 0.128249 0.919456
vn 0.371869 0.124797 0.919858
vn 0.371869 0.124797 0.919858
vn 0.230362 0.716323 -0.658646
vn 0.233531 0.706885 -0.667666
vn 0.234009 0.705442 -0.669023
vn 0.230362 0.716323 -0.658646
vn 0.380491 0.815055 0.436935
vn 0.380491 0.815055 0.436935
vn 0.380491 0.815055 0.436935
vn 0.380491 0.815055 0.436935
vn 0.237891 0.862648 -0.446370
vn 0.237891 0.862648 -0.446370
vn 0.237891 0.862648 -0.446370
vn 0.237891 0.862648 -0.446370
vn 0.230336 0.575043 0.785029
vn 0.230339 0.575035 0.785035
vn 0.230425 0.574739 0.785226
vn 0.230425 0.574739 0.785226
vn 0.000007 -0.156130 -0.987737
vn 0.000007 -0.156130 -0.987737
vn 0.000007 -0.156130 -0.987737
vn 0.000007 -0.156130 -0.987737
vn -0.000019 -0.156113 -0.987739
vn -0.000019 -0.156113 -0.987739
vn -0.000019 -0.156113 -0.987739
vn -0.000019 -0.156113 -0.987739
vn 0.000003 -0.156113 -0.987739
vn 0.000003 -0.156113 -0.987739
vn 0.000003 -0.156113 -0.987739
vn 0.000003 -0.156113 -0.987739
vn -0.000021 -0.156137 -0.987735
vn -0.000021 -0.156137 -0.987735
vn -0.000021 -0.156137 -0.987735
vn -0.000021 -0.156137 -0.987735
vn -0.336274 0.937359 0.090988
vn -0.336274 0.937359 0.090988
vn -0.336274 0.937359 0.090988
vn -0.896956 0.070263 -0.436500
vn -0.896956 0.070263 -0.436500
vn -0.896957 0.070263 -0.436500
vn 0.873204 0.469998 0.128909
vn 0.873204 0.469998 0.128909
vn 0.873204 0.469998 0.128909
vn 0.873204 0.469998 0.128909
vn -0.935005 0.328316 0.134068
vn -0.935005 0.328316 0.134068
vn -0.935005 0.328316 0.134068
vn -0.935005 0.328316 0.134068
vn 0.009415 -0.273207 0.961909
vn 0.009415 -0.273207 0.961909
vn 0.009415 -0.273207 0.961909
vn 0.009415 -0.273207 0.961909
vn 0.751096 -0.003221 0.660185
vn 0.751096 -0.003221 0.660185
vn 0.751096 -0.003221 0.660185
vn 0.751096 -0.003221 0.660185
vn -0.758334 -0.051173 0.649854
vn -0.758334 -0.051173 0.649854
vn -0.758334 -0.051173 0.649854
vn -0.758334 -0.051173 0.649854
vn 0.122327 0.925388 -0.358739
vn 0.122327 0.925388 -0.358739
vn 0.122327 0.925388 -0.358739
vn 0.122327 0.925388 -0.358739
vn 0.093619 0.011220 -0.995545
vn 0.093619 0.011220 -0.995545
vn 0.093619 0.011220 -0.995545
vn 0.093619 0.011220 -0.995545
vn -0.044334 -0.892132 0.449595
vn -0.044334 -0.892132 0.449595
vn -0.044334 -0.892132 0.449595
vn -0.044334 -0.892132 0.449595
vn 0.086370 0.947567 0.307662
vn 0.086370 0.947568 0.307662
vn 0.086370 0.947568 0.307662
vn 0.086370 0.947568 0.307662
vn 0.244706 -0.021858 0.969351
vn 0.244706 -0.021858 0.969351
vn 0.244706 -0.021858 0.969351
vn 0.244706 -0.021858 0.969351
vn -0.124092 -0.868680 -0.479579
vn -0.124092 -0.868680 -0.479579
vn -0.124092 -0.868680 -0.479579
vn -0.124092 -0.868680 -0.479579
vn 0.104938 0.916198 0.386741
vn 0.104938 0.916198 0.386741
vn 0.104938 0.916198 0.386741
vn 0.104938 0.916198 0.386741
vn 0.039906 0.034783 -0.998598
vn 0.039906 0.034783 -0.998598
vn 0.039906 0.034783 -0.998598
vn 0.039906 0.034783 -0.998598
vn -0.016310 -0.872218 -0.488845
vn -0.016310 -0.872218 -0.488845
vn -0.016310 -0.872218 -0.488845
vn -0.016310 -0.872218 -0.488845
vn 0.031026 -0.006904 0.999495
vn 0.031026 -0.006904 0.999495
vn 0.031026 -0.006904 0.999495
vn 0.031026 -0.006904 0.999495
vn 0.102211 0.890011 -0.444334
vn 0.102211 0.890011 -0.444334
vn 0.102211 0.890011 -0.444334
vn 0.102211 0.890011 -0.444334
vn -0.019439 -0.886847 0.461654
vn -0.019439 -0.886847 0.461654
vn -0.019439 -0.886847 0.461654
vn -0.019439 -0.886847 0.461653
vn -0.026363 0.003157 0.999647
vn -0.026363 0.003157 0.999647
vn -0.026363 0.003157 0.999647
vn -0.026363 0.003157 0.999647
vn -0.029576 0.998143 -0.053245
vn -0.029576 0.998143 -0.053245
vn -0.029576 0.998143 -0.053245
vn -0.029576 0.998143 -0.053245
vn -0.184410 0.977838 -0.099122
vn -0.184410 0.977838 -0.099122
vn -0.184410 0.977838 -0.099122
vn -0.184410 0.977838 -0.099122
vn 0.137485 0.985267 -0.101725
vn 0.137485 0.985267 -0.101725
vn 0.137485 0.985267 -0.101725
vn 0.137485 0.985267 -0.101725
vn -0.155358 0.978403 -0.136351
vn -0.155358 0.978403 -0.136351
vn -0.155358 0.978403 -0.136351
vn -0.155358 0.978403 -0.136351
vn 0.115218 0.989228 -0.090295
vn 0.115218 0.989228 -0.090295
vn 0.115218 0.989228 -0.090295
vn 0.115218 0.989228 -0.090295
vn 0.037504 0.984431 -0.171722
vn 0.037504 0.984431 -0.171722
vn 0.037504 0.984431 -0.171722
vn 0.037504 0.984431 -0.171722
vn -0.130172 0.972443 -0.193419
vn -0.130172 0.972443 -0.193419
vn -0.130172 0.972443 -0.193419
vn -0.130172 0.972443 -0.193419
vn -0.015271 0.977132 -0.212083
vn -0.015271 0.977132 -0.212083
vn -0.015271 0.977132 -0.212083
vn -0.015271 0.977132 -0.212083
vn 0.958989 0.268615 -0.090472
vn 0.958989 0.268615 -0.090472
vn 0.958989 0.268615 -0.090472
vn 0.958990 0.268615 -0.090472
vn 0.987364 0.054149 -0.148933
vn 0.987364 0.054149 -0.148933
vn 0.987364 0.054149 -0.148933
vn 0.987364 0.054149 -0.148933
vn 0.988213 0.033586 -0.149357
vn 0.988213 0.033586 -0.149357
vn 0.988213 0.033586 -0.149357
vn 0.988213 0.033586 -0.149357
vn 0.095814 0.995399 0.000501
vn 0.095814 0.995399 0.000501
vn 0.095814 0.995399 0.000501
vn 0.095814 0.995399 0.000501
vn 0.000000 1.000000 0.000000
vn 0.000000 1.000000 0.000000
vn 0.000000 1.000000 0.000000
vn 0.000000 1.000000 0.000000
vn -0.076854 0.997042 0.000000
vn -0.076854 0.997042 0.000000
vn -0.076854 0.997042 0.000000
vn -0.076854 0.997042 0.000000
vn -0.060835 0.998144 -0.002786
vn -0.060835 0.998144 -0.002786
vn -0.060835 0.998144 -0.002786
vn -0.060835 0.998144 -0.002786
vn -0.102042 0.994780 0.000000
vn -0.102042 0.994780 0.000000
vn -0.102042 0.994780 0.000000
vn -0.102042 0.994780 0.000000
vn 0.005389 0.250404 0.968126
vn 0.005389 0.250404 0.968126
vn 0.005389 0.250404 0.968126
vn 0.005389 0.250404 0.968126
vn -0.903064 0.276884 0.328344
vn -0.903064 0.276884 0.328344
vn -0.903064 0.276884 0.328344
vn -0.903064 0.276884 0.328344
vn 0.903260 0.276029 0.328526
vn 0.903260 0.276029 0.328527
vn 0.903260 0.276029 0.328527
vn 0.903260 0.276029 0.328527
vn -0.915607 0.186464 -0.356223
vn -0.915607 0.186464 -0.356223
vn -0.915607 0.186464 -0.356223
vn -0.915607 0.186464 -0.356223
vn -0.920288 0.175019 0.349911
vn -0.920288 0.175019 0.349911
vn -0.920288 0.175019 0.349911
vn -0.920288 0.175019 0.349911
vn -0.033704 -0.106122 0.993782
vn -0.033704 -0.106122 0.993782
vn -0.033704 -0.106122 0.993782
vn -0.033704 -0.106122 0.993782
vn 0.922795 -0.254799 0.289012
vn 0.922795 -0.254799 0.289012
vn 0.922795 -0.254799 0.289012
vn 0.922795 -0.254799 0.289012
vn 0.924771 -0.218202 -0.311746
vn 0.924772 -0.218202 -0.311746
vn 0.924771 -0.218202 -0.311746
vn 0.924771 -0.218202 -0.311746
vn -0.067771 -0.075478 -0.994842
vn -0.067771 -0.075478 -0.994842
vn -0.067771 -0.075478 -0.994842
vn -0.067771 -0.075478 -0.994842
vn 0.608311 -0.733070 0.304245
vn 0.608311 -0.733070 0.304245
vn 0.608311 -0.733070 0.304245
vn 0.608311 -0.733070 0.304245
vn 0.375982 -0.846478 -0.376978
vn 0.375982 -0.846478 -0.376978
vn 0.375982 -0.846478 -0.376978
vn 0.375982 -0.846478 -0.376978
vn -0.001540 -0.041702 -0.999129
vn -0.001540 -0.041702 -0.999129
vn -0.001540 -0.041702 -0.999129
vn -0.001540 -0.041702 -0.999129
vn 0.022364 0.640305 0.767795
vn 0.022364 0.640305 0.767795
vn 0.022364 0.640305 0.767795
vn 0.022364 0.640305 0.767795
vn 0.925709 -0.078401 -0.370021
vn 0.925709 -0.078401 -0.370021
vn 0.925709 -0.078401 -0.370021
vn 0.925709 -0.078401 -0.370021
vn -0.928795 0.013658 -0.370342
vn -0.928795 0.013658 -0.370342
vn -0.928795 0.013658 -0.370342
vn -0.928795 0.013658 -0.370342
vn 0.923357 -0.055377 -0.379928
vn 0.923357 -0.055377 -0.379927
vn 0.923357 -0.055377 -0.379928
vn 0.923357 -0.055377 -0.379928
vn -0.002031 -0.010770 -0.999940
vn -0.002031 -0.010770 -0.999940
vn -0.002031 -0.010770 -0.999940
vn -0.002031 -0.010770 -0.999940
vn 0.922829 -0.059293 -0.380619
vn 0.922829 -0.059293 -0.380619
vn 0.922829 -0.059293 -0.380619
vn 0.922829 -0.059293 -0.380619
vn -0.046844 -0.998896 -0.003536
vn -0.046844 -0.998896 -0.003536
vn -0.046844 -0.998896 -0.003536
vn -0.046844 -0.998896 -0.003536
vn -0.004778 -0.045109 0.998971
vn -0.004778 -0.045109 0.998971
vn -0.004778 -0.045109 0.998971
vn -0.004778 -0.045109 0.998971
vn -0.333054 0.178308 -0.925895
vn -0.333069 0.178048 -0.925939
vn -0.332595 0.185782 -0.924589
vn -0.332595 0.185782 -0.924589
vn -0.320623 -0.158488 -0.933854
vn -0.320685 -0.157285 -0.934036
vn -0.323278 -0.094543 -0.941569
vn -0.323278 -0.094543 -0.941569
vn -0.913675 -0.015450 0.406153
vn -0.913675 -0.015450 0.406153
vn -0.913675 -0.015450 0.406153
vn -0.913675 -0.015450 0.406153
vn -0.877034 -0.111991 -0.467193
vn -0.877034 -0.111991 -0.467193
vn -0.877034 -0.111991 -0.467193
vn -0.877034 -0.111991 -0.467193
vn -0.938233 -0.309248 0.155189
vn -0.938233 -0.309248 0.155189
vn -0.938233 -0.309248 0.155189
vn -0.938233 -0.309248 0.155189
vn -0.306498 -0.007489 0.951842
vn -0.306498 -0.007489 0.951842
vn -0.306498 -0.007489 0.951842
vn -0.306498 -0.007489 0.951842
vn -0.244163 0.593388 0.766991
vn -0.244163 0.593388 0.766991
vn -0.226815 0.653995 0.721697
vn -0.226594 0.654712 0.721115
vn -0.349027 0.872898 -0.340924
vn -0.349027 0.872898 -0.340924
vn -0.349027 0.872898 -0.340924
vn -0.349027 0.872898 -0.340924
vn -0.336994 0.884632 0.322276
vn -0.336994 0.884632 0.322276
vn -0.336994 0.884632 0.322276
vn -0.336994 0.884632 0.322276
vn -0.283941 0.637280 -0.716416
vn -0.283783 0.637790 -0.716025
vn -0.280551 0.648105 -0.707991
vn -0.280551 0.648105 -0.707991
vn -0.394693 0.092616 0.914133
vn -0.394688 0.092785 0.914118
vn -0.394267 0.105019 0.912976
vn -0.394267 0.105019 0.912976
vn -0.917356 0.102586 -0.384623
vn -0.917356 0.102586 -0.384623
vn -0.917356 0.102586 -0.384623
vn -0.917356 0.102586 -0.384623
vn -0.324046 0.521950 -0.789026
vn -0.311840 0.571492 -0.759048
vn -0.313968 0.563307 -0.764271
vn -0.324046 0.521950 -0.789026
vn -0.929401 0.067424 0.362859
vn -0.929401 0.067424 0.362859
vn -0.929402 0.067424 0.362859
vn -0.929401 0.067424 0.362859
vn 0.264363 0.063692 -0.962318
vn 0.264363 0.063692 -0.962318
vn 0.264363 0.063692 -0.962318
vn 0.264363 0.063692 -0.962318
vn -0.178971 0.897439 0.403202
vn -0.178971 0.897439 0.403202
vn -0.178971 0.897439 0.403202
vn -0.178971 0.897439 0.403202
vn -0.011450 -0.870018 -0.492887
vn -0.011450 -0.870018 -0.492887
vn -0.011450 -0.870018 -0.492887
vn -0.011450 -0.870018 -0.492887
vn 0.001282 0.874853 -0.484386
vn 0.001282 0.874853 -0.484386
vn 0.001282 0.874853 -0.484386
vn 0.001282 0.874853 -0.484386
vn -0.314792 0.205187 -0.926717
vn -0.304553 0.159047 -0.939123
vn -0.305891 0.164913 -0.937675
vn -0.314792 0.205187 -0.926717
vn -0.285024 -0.404051 -0.869197
vn -0.285031 -0.404025 -0.869207
vn -0.285030 -0.404027 -0.869206
vn -0.285024 -0.404051 -0.869197
vn -0.817586 -0.483471 -0.312744
vn -0.817586 -0.483471 -0.312744
vn -0.817586 -0.483471 -0.312744
vn -0.817586 -0.483471 -0.312744
vn -0.962186 -0.019629 -0.271685
vn -0.962186 -0.019629 -0.271685
vn -0.962186 -0.019629 -0.271685
vn -0.962186 -0.019629 -0.271685
vn -0.962186 -0.019629 0.271685
vn -0.962186 -0.019629 0.271685
vn -0.962186 -0.019629 0.271685
vn -0.962186 -0.019629 0.271685
vn -0.809284 -0.509084 0.293077
vn -0.809283 -0.509084 0.293077
vn -0.809283 -0.509084 0.293077
vn -0.809284 -0.509084 0.293077
vn -0.288840 -0.570789 0.768617
vn -0.289037 -0.570174 0.768999
vn -0.287648 -0.574487 0.766305
vn -0.287648 -0.574487 0.766305
vn -0.306017 0.165002 0.937618
vn -0.305018 0.159999 0.938810
vn -0.313546 0.204021 0.927397
vn -0.313546 0.204021 0.927397
vn -0.363809 -0.894650 -0.259314
vn -0.363809 -0.894650 -0.259314
vn -0.363809 -0.894650 -0.259314
vn -0.363809 -0.894650 -0.259314
vn -0.390386 0.868712 -0.304857
vn -0.390380 0.868677 -0.304965
vn -0.389429 0.863474 -0.320558
vn -0.389429 0.863474 -0.320558
vn -0.390380 0.868677 0.304964
vn -0.390386 0.868712 0.304857
vn -0.389429 0.863474 0.320558
vn -0.389429 0.863474 0.320558
vn -0.951458 0.065799 0.300664
vn -0.951458 0.065799 0.300664
vn -0.951458 0.065799 0.300664
vn -0.951458 0.065799 0.300664
vn -0.944861 -0.024760 -0.326534
vn -0.944861 -0.024760 -0.326534
vn -0.944861 -0.024760 -0.326534
vn -0.944861 -0.024760 -0.326534
vn -0.398156 0.150628 -0.904866
vn -0.392872 0.109580 -0.913041
vn -0.393263 0.112447 -0.912524
vn -0.398156 0.150628 -0.904866
vn -0.408474 0.669521 0.620396
vn -0.404195 0.686069 0.604926
vn -0.378962 0.764942 0.520819
vn -0.378962 0.764941 0.520819
vn -0.388993 -0.888822 0.242241
vn -0.388993 -0.888822 0.242241
vn -0.388993 -0.888822 0.242241
vn -0.388993 -0.888822 0.242241
vn -0.205099 -0.890486 0.406164
vn -0.205099 -0.890486 0.406164
vn -0.208105 -0.884478 0.417602
vn -0.208301 -0.884078 0.418351
vn -0.189834 -0.907140 -0.375581
vn -0.189834 -0.907140 -0.375581
vn -0.195018 -0.897756 -0.394970
vn -0.194698 -0.898353 -0.393770
vn -0.249579 0.951966 0.177400
vn -0.249579 0.951966 0.177400
vn -0.249579 0.951966 0.177400
vn -0.249579 0.951966 0.177400
vn -0.259747 0.950986 -0.167800
vn -0.259746 0.950986 -0.167800
vn -0.259747 0.950986 -0.167800
vn -0.259747 0.950986 -0.167800
vn -0.234523 0.757605 0.609125
vn -0.233878 0.759088 0.607525
vn -0.251526 0.715961 0.651256
vn -0.251526 0.715961 0.651256
vn -0.389099 0.151741 -0.908612
vn -0.389351 0.145060 -0.909595
vn -0.389354 0.144986 -0.909606
vn -0.389099 0.151741 -0.908612
vn -0.280525 0.844836 0.455585
vn -0.280525 0.844836 0.455585
vn -0.280525 0.844836 0.455585
vn -0.280525 0.844836 0.455585
vn 0.188054 -0.975487 0.114284
vn 0.188054 -0.975487 0.114284
vn 0.188054 -0.975487 0.114284
vn 0.188054 -0.975487 0.114284
vn -0.090106 -0.884390 0.457969
vn -0.090106 -0.884390 0.457969
vn -0.090106 -0.884390 0.457969
vn -0.090106 -0.884390 0.457969
vn -0.348109 0.835104 -0.425936
vn -0.348109 0.835104 -0.425936
vn -0.348109 0.835104 -0.425936
vn -0.348109 0.835104 -0.425936
vn 0.101398 -0.990235 -0.095675
vn 0.101398 -0.990235 -0.095675
vn 0.101398 -0.990235 -0.095675
vn 0.101398 -0.990235 -0.095675
vn -0.057608 0.032301 -0.997817
vn -0.057608 0.032301 -0.997817
vn -0.057608 0.032301 -0.997817
vn -0.057608 0.032301 -0.997817
vn 0.160929 0.000000 0.986966
vn 0.160929 0.000000 0.986966
vn 0.160929 0.000000 0.986966
vn 0.160929 0.000000 0.986966
vn -0.010379 -0.946504 -0.322526
vn -0.010379 -0.946504 -0.322526
vn -0.010379 -0.946504 -0.322526
vn -0.010379 -0.946504 -0.322526
vn -0.101911 0.866864 -0.488017
vn -0.101911 0.866864 -0.488017
vn -0.101911 0.866864 -0.488017
vn -0.101911 0.866864 -0.488017
vn -0.956201 0.000000 -0.292712
vn -0.956201 0.000000 -0.292712
vn -0.956201 0.000000 -0.292712
vn -0.956201 0.000000 -0.292712
vn -0.028799 -0.870463 0.491392
vn -0.028799 -0.870463 0.491392
vn -0.028799 -0.870463 0.491392
vn -0.028799 -0.870463 0.491392
vn -0.060135 0.854702 0.515624
vn -0.060135 0.854702 0.515624
vn -0.060135 0.854702 0.515624
vn -0.060135 0.854702 0.515624
vn 0.060326 0.002011 -0.998177
vn 0.060326 0.002011 -0.998177
vn 0.060326 0.002011 -0.998177
vn 0.060326 0.002011 -0.998177
vn -0.426749 0.889760 -0.161901
vn -0.426749 0.889760 -0.161901
vn -0.426749 0.889760 -0.161901
vn -0.426749 0.889760 -0.161901
vn -0.113716 -0.963354 -0.242938
vn -0.113716 -0.963354 -0.242938
vn -0.113716 -0.963354 -0.242938
vn -0.113716 -0.963354 -0.242938
vn 0.080309 -0.923815 0.374322
vn 0.080309 -0.923815 0.374322
vn 0.080309 -0.923815 0.374322
vn 0.080309 -0.923815 0.374322
vn -0.970286 0.000000 0.241963
vn -0.970286 0.000000 0.241963
vn -0.970286 0.000000 0.241963
vn -0.970286 0.000000 0.241963
vn -0.849984 -0.123743 -0.512069
vn -0.849984 -0.123743 -0.512069
vn -0.849984 -0.123743 -0.512069
vn -0.849984 -0.123743 -0.512069
vn -0.767338 -0.121042 0.629716
vn -0.767338 -0.121042 0.629716
vn -0.767338 -0.121042 0.629716
vn -0.767338 -0.121042 0.629716
vn 0.022273 -0.985549 -0.167919
vn 0.022273 -0.985549 -0.167919
vn 0.022273 -0.985549 -0.167919
vn 0.022273 -0.985549 -0.167919
vn -0.162455 0.841609 -0.515075
vn -0.162455 0.841609 -0.515075
vn -0.162455 0.841609 -0.515075
vn -0.162455 0.841609 -0.515075
vn 0.296001 0.000000 0.955188
vn 0.296001 0.000000 0.955188
vn 0.296001 0.000000 0.955188
vn 0.296001 0.000000 0.955188
vn 0.093920 -0.935153 0.341568
vn 0.093920 -0.935153 0.341568
vn 0.093920 -0.935153 0.341568
vn 0.093920 -0.935153 0.341568
vn -0.062594 0.842939 0.534356
vn -0.062594 0.842939 0.534356
vn -0.062594 0.842939 0.534356
vn -0.062594 0.842939 0.534356
vn -0.085445 0.987873 0.129641
vn -0.085445 0.987873 0.129641
vn -0.085445 0.987873 0.129641
vn -0.085445 0.987873 0.129641
vn 0.035302 -0.995338 -0.089760
vn 0.035302 -0.995338 -0.089761
vn 0.035302 -0.995338 -0.089760
vn 0.035302 -0.995338 -0.089761
vn 0.068767 0.025342 -0.997311
vn 0.068767 0.025342 -0.997311
vn 0.068767 0.025342 -0.997311
vn 0.068767 0.025342 -0.997311
vn -0.271005 -0.961813 -0.038377
vn -0.271005 -0.961813 -0.038377
vn -0.271005 -0.961813 -0.038377
vn -0.271005 -0.961813 -0.038377
vn 0.917272 0.000000 0.398261
vn 0.917272 0.000000 0.398261
vn 0.917272 0.000000 0.398261
vn 0.917272 0.000000 0.398261
vn -0.363115 0.931738 -0.003517
vn -0.363115 0.931738 -0.003517
vn -0.363115 0.931738 -0.003517
vn -0.363115 0.931738 -0.003517
vn -0.664800 0.000000 -0.747021
vn -0.664800 0.000000 -0.747021
vn -0.664800 0.000000 -0.747021
vn -0.664800 0.000000 -0.747021
vn -0.041420 0.939982 0.338701
vn -0.041420 0.939982 0.338701
vn -0.041420 0.939982 0.338701
vn -0.041420 0.939982 0.338701
vn -0.330842 -0.832859 0.443722
vn -0.330842 -0.832859 0.443722
vn -0.330842 -0.832859 0.443722
vn -0.330842 -0.832859 0.443722
vn -0.137114 0.000000 0.990555
vn -0.137114 0.000000 0.990555
vn -0.137114 0.000000 0.990555
vn -0.137114 0.000000 0.990555
vn -0.015180 0.930806 -0.365198
vn -0.015180 0.930806 -0.365198
vn -0.015180 0.930806 -0.365198
vn -0.015180 0.930806 -0.365198
vn -0.150810 -0.886191 -0.438089
vn -0.150810 -0.886191 -0.438089
vn -0.150810 -0.886191 -0.438089
vn -0.150810 -0.886191 -0.438089
vn 0.001818 0.964829 0.262873
vn 0.001818 0.964829 0.262873
vn 0.001818 0.964829 0.262873
vn 0.001818 0.964829 0.262873
vn -0.168148 0.001810 -0.985760
vn -0.168148 0.001810 -0.985760
vn -0.168148 0.001810 -0.985760
vn -0.168148 0.001810 -0.985760
vn -0.003178 -0.039205 0.999226
vn -0.003178 -0.039205 0.999226
vn -0.003178 -0.039205 0.999226
vn -0.003178 -0.039205 0.999226
vn -0.924825 0.028582 -0.379317
vn -0.924825 0.028582 -0.379317
vn -0.924825 0.028582 -0.379317
vn -0.924825 0.028582 -0.379317
vn -0.004147 -0.010669 -0.999935
vn -0.004147 -0.010669 -0.999934
vn -0.004147 -0.010669 -0.999935
vn -0.004147 -0.010669 -0.999934
vn 0.929148 -0.064335 0.364066
vn 0.929149 -0.064335 0.364066
vn 0.929148 -0.064335 0.364066
vn 0.929148 -0.064335 0.364066
vn 0.934052 -0.074074 0.349372
vn 0.934052 -0.074074 0.349372
vn 0.934051 -0.074074 0.349372
vn 0.934052 -0.074074 0.349372
vn 0.933070 -0.245250 0.263120
vn 0.933070 -0.245250 0.263120
vn 0.933070 -0.245250 0.263120
vn 0.933070 -0.245250 0.263120
vn 0.969489 -0.018680 0.244424
vn 0.969489 -0.018680 0.244424
vn 0.969489 -0.018680 0.244424
vn 0.969489 -0.018680 0.244424
vn 0.969008 -0.208250 -0.132873
vn 0.969008 -0.208250 -0.132873
vn 0.969008 -0.208250 -0.132873
vn 0.969008 -0.208250 -0.132873
vn 0.928521 0.035576 0.369571
vn 0.928521 0.035576 0.369571
vn 0.928521 0.035576 0.369571
vn 0.928521 0.035576 0.369571
vn 0.004537 0.177010 -0.984199
vn 0.004537 0.177010 -0.984199
vn 0.004537 0.177010 -0.984199
vn 0.004537 0.177010 -0.984199
vn 0.006903 0.152253 0.988317
vn 0.006903 0.152253 0.988317
vn 0.006903 0.152253 0.988318
vn 0.006903 0.152253 0.988318
vn -0.900991 0.204119 -0.382820
vn -0.900991 0.204119 -0.382820
vn -0.900991 0.204119 -0.382820
vn -0.900991 0.204119 -0.382820
vn 0.925540 0.044034 -0.376082
vn 0.925540 0.044034 -0.376082
vn 0.925540 0.044034 -0.376082
vn 0.925539 0.044034 -0.376082
vn 0.714932 -0.208662 0.667333
vn 0.714932 -0.208662 0.667333
vn 0.714932 -0.208662 0.667333
vn 0.714932 -0.208662 0.667333
vn 0.909704 0.406614 -0.084288
vn 0.909703 0.406614 -0.084288
vn 0.909703 0.406614 -0.084288
vn 0.909703 0.406614 -0.084288
vn -0.880872 0.121444 -0.457511
vn -0.880872 0.121444 -0.457511
vn -0.880872 0.121444 -0.457511
vn 0.012807 0.965416 0.260400
vn 0.012807 0.965416 0.260400
vn 0.012807 0.965416 0.260400
vn 0.012807 0.965416 0.260400
vn 0.209720 0.975792 -0.062031
vn 0.209720 0.975792 -0.062031
vn 0.209720 0.975792 -0.062031
vn 0.209720 0.975792 -0.062031
vn -0.358677 0.076759 -0.930300
vn -0.358677 0.076759 -0.930301
vn -0.358677 0.076759 -0.930301
vn -0.358677 0.076759 -0.930301
vn 0.892724 0.201830 -0.402876
vn 0.892724 0.201830 -0.402876
vn 0.892724 0.201830 -0.402876
vn 0.892724 0.201830 -0.402876
vn -0.917900 0.172284 -0.357460
vn -0.917900 0.172283 -0.357460
vn -0.917900 0.172284 -0.357460
vn -0.917900 0.172284 -0.357460
vn -0.661633 0.497067 0.561396
vn -0.661633 0.497067 0.561396
vn -0.661633 0.497067 0.561396
vn -0.661633 0.497067 0.561396
vn 0.989890 0.004025 -0.141784
vn 0.989890 0.004025 -0.141784
vn 0.989890 0.004025 -0.141784
vn 0.989890 0.004025 -0.141784
vn -0.966822 0.019449 0.254711
vn -0.966822 0.019449 0.254711
vn -0.966822 0.019449 0.254711
vn -0.966822 0.019449 0.254711
vn -0.002002 -0.068601 0.997642
vn -0.002002 -0.068601 0.997642
vn -0.002002 -0.068601 0.997642
vn -0.002002 -0.068601 0.997642
vn -0.985742 -0.094860 -0.138976
vn -0.985742 -0.094860 -0.138976
vn -0.985742 -0.094860 -0.138976
vn -0.985742 -0.094860 -0.138976
vn 0.988712 -0.046357 -0.142477
vn 0.988712 -0.046357 -0.142477
vn 0.988712 -0.046357 -0.142477
vn 0.988712 -0.046357 -0.142477
vn 0.981009 0.171749 -0.090129
vn 0.981009 0.171749 -0.090129
vn 0.981009 0.171749 -0.090129
vn 0.981009 0.171749 -0.090129
vn 0.983349 -0.123692 -0.133137
vn 0.983349 -0.123692 -0.133137
vn 0.983349 -0.123692 -0.133137
vn 0.983349 -0.123692 -0.133137
vn -0.264468 0.960534 0.086202
vn -0.264468 0.960534 0.086202
vn -0.264468 0.960534 0.086202
vn 0.028734 0.972354 -0.231739
vn 0.028734 0.972354 -0.231739
vn 0.028734 0.972354 -0.231739
vn 0.028734 0.972354 -0.231739
vn -0.005148 0.999895 -0.013578
vn -0.005148 0.999895 -0.013578
vn -0.005148 0.999895 -0.013578
vn -0.005148 0.999895 -0.013578
vn -0.719093 -0.135128 0.681649
vn -0.719093 -0.135128 0.681649
vn -0.719093 -0.135128 0.681649
vn -0.719093 -0.135128 0.681649
vn 0.705118 0.422879 0.569194
vn 0.705118 0.422879 0.569194
vn 0.705118 0.422879 0.569194
vn 0.705118 0.422879 0.569194
vn -0.990198 -0.020302 -0.138190
vn -0.990198 -0.020302 -0.138190
vn -0.990198 -0.020302 -0.138190
vn -0.990198 -0.020302 -0.138190
vn -0.843735 0.530767 -0.079991
vn -0.843734 0.530767 -0.079991
vn -0.843734 0.530767 -0.079991
vn -0.843735 0.530767 -0.079991
vn -0.951684 -0.134895 0.275865
vn -0.951684 -0.134895 0.275865
vn -0.951684 -0.134895 0.275865
vn -0.951684 -0.134895 0.275865
vn -0.931362 0.019558 0.363569
vn -0.931362 0.019558 0.363569
vn -0.931362 0.019558 0.363569
vn -0.931362 0.019558 0.363569
vn -0.038083 -0.999250 -0.007050
vn -0.038083 -0.999250 -0.007050
vn -0.038083 -0.999250 -0.007050
vn -0.038083 -0.999250 -0.007050
vn -0.029043 -0.999572 -0.003547
vn -0.029043 -0.999572 -0.003547
vn -0.029043 -0.999572 -0.003547
vn -0.029043 -0.999572 -0.003547
vn -0.029069 -0.999571 0.003463
vn -0.029069 -0.999572 0.003463
vn -0.029069 -0.999571 0.003463
vn -0.029069 -0.999571 0.003463
vn -0.038544 -0.999232 0.007127
vn -0.038544 -0.999232 0.007127
vn -0.038544 -0.999232 0.007127
vn -0.038544 -0.999232 0.007127
vn -0.046830 -0.998896 0.003813
vn -0.046830 -0.998896 0.003813
vn -0.046830 -0.998896 0.003813
vn -0.046830 -0.998896 0.003813
vn -0.920997 0.080126 0.381241
vn -0.920997 0.080126 0.381242
vn -0.920997 0.080126 0.381241
vn -0.920997 0.080126 0.381242
vn -0.002631 -0.999910 -0.013172
vn -0.002631 -0.999910 -0.013172
vn -0.002192 -0.999926 -0.011977
vn -0.002260 -0.999924 -0.012161
vn 0.000322 -0.999964 -0.008526
vn 0.000322 -0.999964 -0.008526
vn 0.000322 -0.999964 -0.008526
vn 0.000322 -0.999964 -0.008526
vn 0.000380 -0.999921 -0.012584
vn 0.000380 -0.999921 -0.012584
vn 0.000380 -0.999921 -0.012584
vn 0.000380 -0.999921 -0.012584
vn -0.002401 -0.999957 -0.009003
vn -0.002306 -0.999955 -0.009238
vn -0.002896 -0.999966 -0.007782
vn -0.002896 -0.999966 -0.007782
vn -0.895774 0.092370 -0.434806
vn -0.895774 0.092370 -0.434806
vn -0.895774 0.092370 -0.434806
vn -0.895774 0.092370 -0.434806
vn -0.346881 0.139660 0.927453
vn -0.347440 0.128650 0.928835
vn -0.347426 0.128942 0.928800
vn -0.346881 0.139660 0.927453
vn -0.416381 -0.108230 0.902726
vn -0.418258 -0.019070 0.908128
vn -0.418261 -0.017743 0.908154
vn -0.416381 -0.108230 0.902726
vn 0.162943 -0.876580 -0.452832
vn 0.162943 -0.876580 -0.452832
vn 0.162943 -0.876580 -0.452832
vn 0.162943 -0.876580 -0.452832
vn 0.084337 0.869705 -0.486313
vn 0.084337 0.869705 -0.486313
vn 0.084337 0.869705 -0.486313
vn 0.084337 0.869705 -0.486313
vn -0.923117 -0.285680 -0.257377
vn -0.923117 -0.285680 -0.257377
vn -0.923117 -0.285680 -0.257377
vn -0.923117 -0.285680 -0.257377
vn -0.098275 -0.886491 0.452189
vn -0.098275 -0.886491 0.452189
vn -0.098275 -0.886491 0.452189
vn -0.098275 -0.886491 0.452189
vn -0.165701 0.898323 0.406891
vn -0.165701 0.898323 0.406891
vn -0.165701 0.898322 0.406890
vn -0.165701 0.898323 0.406891
vn -0.424531 0.035889 0.904702
vn -0.424531 0.035889 0.904702
vn -0.424531 0.035889 0.904702
vn -0.424531 0.035889 0.904702
vn -0.921541 -0.290738 -0.257360
vn -0.921541 -0.290738 -0.257360
vn -0.921541 -0.290738 -0.257360
vn -0.921541 -0.290738 -0.257360
vn -0.920612 -0.292742 -0.258410
vn -0.920612 -0.292742 -0.258410
vn -0.920612 -0.292742 -0.258410
vn -0.920612 -0.292742 -0.258410
vn -0.922223 -0.292629 -0.252732
vn -0.922223 -0.292629 -0.252732
vn -0.922223 -0.292629 -0.252732
vn -0.922223 -0.292629 -0.252732
vn -0.934900 -0.302799 -0.185135
vn -0.934900 -0.302799 -0.185135
vn -0.934900 -0.302799 -0.185135
vn -0.934900 -0.302799 -0.185135
vn -0.920416 -0.291725 -0.260253
vn -0.920415 -0.291725 -0.260253
vn -0.920415 -0.291725 -0.260253
vn -0.920415 -0.291725 -0.260253
vn -0.921395 -0.291811 -0.256668
vn -0.921395 -0.291811 -0.256668
vn -0.921395 -0.291811 -0.256668
vn -0.921395 -0.291811 -0.256668
vn 0.300621 0.101621 -0.948314
vn 0.300621 0.101621 -0.948314
vn 0.300621 0.101621 -0.948314
vn 0.300621 0.101621 -0.948314
vn -0.841731 0.279509 -0.461914
vn -0.841730 0.279509 -0.461914
vn -0.841730 0.279509 -0.461914
vn -0.841730 0.279509 -0.461914
vn 0.916551 0.100786 -0.387009
vn 0.916551 0.100786 -0.387009
vn 0.916551 0.100786 -0.387009
vn 0.916551 0.100786 -0.387009
vn -0.915922 0.030401 -0.400203
vn -0.915922 0.030401 -0.400203
vn -0.915922 0.030401 -0.400203
vn -0.915922 0.030401 -0.400203
vn -0.000004 -0.156115 -0.987739
vn -0.000004 -0.156115 -0.987739
vn -0.000004 -0.156115 -0.987739
vn -0.000004 -0.156115 -0.987739
vn 0.000002 0.156121 0.987738
vn 0.000002 0.156121 0.987738
vn 0.000002 0.156121 0.987738
vn 0.000002 0.156121 0.987738
vn 0.949203 0.310810 -0.049104
vn 0.949203 0.310810 -0.049104
vn 0.949203 0.310810 -0.049104
vn 0.949203 0.310810 -0.049104
vn 0.110472 -0.981699 0.155125
vn 0.110472 -0.981699 0.155125
vn 0.110472 -0.981699 0.155125
vn 0.110472 -0.981699 0.155125
vn -0.388451 0.910176 -0.143822
vn -0.388451 0.910176 -0.143822
vn -0.388451 0.910176 -0.143822
vn -0.388451 0.910176 -0.143822
vn -0.884192 -0.461396 0.072933
vn -0.884191 -0.461396 0.072933
vn -0.884191 -0.461396 0.072933
vn -0.884191 -0.461396 0.072933
vn 0.166757 0.053553 -0.984543
vn 0.166757 0.053553 -0.984543
vn 0.166757 0.053553 -0.984543
vn 0.166757 0.053553 -0.984543
vn 0.778626 0.000000 0.627488
vn 0.778626 0.000000 0.627488
vn 0.778626 0.000000 0.627488
vn 0.778626 0.000000 0.627488
vn -0.002804 -0.010734 -0.999938
vn -0.002804 -0.010734 -0.999938
vn -0.002804 -0.010734 -0.999939
vn -0.002804 -0.010734 -0.999939
vn 0.931237 -0.064308 0.358694
vn 0.931237 -0.064308 0.358694
vn 0.931237 -0.064308 0.358694
vn 0.931237 -0.064308 0.358694
vn -0.933326 0.019783 0.358484
vn -0.933326 0.019783 0.358484
vn -0.933326 0.019783 0.358484
vn -0.933326 0.019783 0.358484
vn 0.921153 -0.055202 -0.385267
vn 0.921153 -0.055202 -0.385267
vn 0.921153 -0.055202 -0.385267
vn 0.921153 -0.055202 -0.385267
vn -0.003761 -0.039170 0.999225
vn -0.003761 -0.039170 0.999225
vn -0.003761 -0.039170 0.999225
vn -0.003761 -0.039170 0.999226
vn -0.922724 0.028524 -0.384404
vn -0.922724 0.028524 -0.384404
vn -0.922724 0.028524 -0.384404
vn -0.922724 0.028524 -0.384404
vn -0.936527 0.023183 0.349829
vn -0.936527 0.023183 0.349829
vn -0.936527 0.023183 0.349829
vn -0.936527 0.023183 0.349829
vn 0.007090 0.113991 0.993457
vn 0.007090 0.113991 0.993457
vn 0.007090 0.113991 0.993456
vn 0.007090 0.113991 0.993457
vn -0.013693 0.135124 -0.990734
vn -0.013693 0.135124 -0.990734
vn -0.013693 0.135124 -0.990734
vn -0.013693 0.135124 -0.990734
vn -0.897906 0.197868 0.393209
vn -0.897906 0.197868 0.393209
vn -0.897906 0.197868 0.393209
vn -0.897906 0.197868 0.393209
vn 0.935305 -0.055195 0.349510
vn 0.935305 -0.055195 0.349510
vn 0.935305 -0.055195 0.349510
vn 0.935305 -0.055195 0.349510
vn -0.905811 0.192362 0.377497
vn -0.905811 0.192362 0.377497
vn -0.905811 0.192362 0.377497
vn -0.905811 0.192362 0.377497
vn 0.932576 -0.046440 -0.357974
vn 0.932576 -0.046440 -0.357974
vn 0.932576 -0.046440 -0.357974
vn 0.932576 -0.046440 -0.357974
vn -0.915321 0.124879 0.382876
vn -0.915321 0.124879 0.382876
vn -0.915321 0.124879 0.382876
vn -0.915320 0.124879 0.382876
vn -0.911589 0.139843 -0.386587
vn -0.911589 0.139843 -0.386587
vn -0.911589 0.139843 -0.386587
vn -0.911589 0.139843 -0.386587
vn -0.350943 0.000685 0.936397
vn -0.349666 0.057896 0.935084
vn -0.349663 0.057986 0.935079
vn -0.350943 0.000685 0.936397
vn -0.933610 0.020523 0.357704
vn -0.933610 0.020523 0.357704
vn -0.933610 0.020523 0.357704
vn -0.933610 0.020523 0.357704
vn -0.925454 0.002269 -0.378853
vn -0.925454 0.002269 -0.378853
vn -0.925454 0.002269 -0.378853
vn -0.925454 0.002269 -0.378853
vn -0.313981 0.106104 -0.943482
vn -0.313964 0.106497 -0.943443
vn -0.315412 0.069597 -0.946400
vn -0.315412 0.069597 -0.946399
vn -0.894847 0.209977 -0.393902
vn -0.894847 0.209977 -0.393902
vn -0.894847 0.209977 -0.393902
vn -0.894847 0.209977 -0.393902
vn -0.341453 -0.055192 -0.938277
vn -0.341450 -0.055337 -0.938270
vn -0.341136 -0.069314 -0.937455
vn -0.341137 -0.069314 -0.937455
vn -0.344183 -0.106385 0.932856
vn -0.344320 -0.101696 0.933328
vn -0.344322 -0.101625 0.933335
vn -0.344183 -0.106385 0.932856
vn -0.888434 -0.056738 -0.455485
vn -0.888434 -0.056738 -0.455485
vn -0.888434 -0.056738 -0.455485
vn -0.888434 -0.056738 -0.455485
vn -0.352808 -0.120668 0.927883
vn -0.352808 -0.120668 0.927883
vn -0.353127 -0.109889 0.929099
vn -0.353132 -0.109718 0.929118
vn -0.920187 -0.063343 0.386322
vn -0.920187 -0.063343 0.386322
vn -0.920187 -0.063343 0.386322
vn -0.920187 -0.063343 0.386322
vn -0.878555 -0.057934 -0.474115
vn -0.878555 -0.057934 -0.474115
vn -0.878555 -0.057934 -0.474115
vn -0.878555 -0.057934 -0.474115
vn -0.358076 -0.055103 -0.932065
vn -0.358073 -0.055250 -0.932058
vn -0.357762 -0.068921 -0.931266
vn -0.357762 -0.068921 -0.931266
vn -0.921619 -0.062987 0.382951
vn -0.921619 -0.062987 0.382951
vn -0.921619 -0.062987 0.382951
vn -0.921619 -0.062987 0.382951
vn -0.291985 0.131718 -0.947310
vn -0.291960 0.132353 -0.947229
vn -0.292347 0.122095 -0.948486
vn -0.292347 0.122095 -0.948486
vn 0.089683 0.211633 -0.973226
vn 0.089683 0.211633 -0.973226
vn 0.089683 0.211633 -0.973226
vn 0.089683 0.211633 -0.973226
vn -0.380373 0.221969 0.897801
vn -0.378715 0.234309 0.895363
vn -0.366511 0.313213 0.876109
vn -0.366511 0.313213 0.876109
vn -0.213103 0.866484 0.451435
vn -0.213103 0.866484 0.451435
vn -0.213103 0.866484 0.451435
vn -0.213103 0.866484 0.451435
vn -0.039392 0.885016 -0.463892
vn -0.039392 0.885016 -0.463892
vn -0.039392 0.885016 -0.463892
vn -0.039392 0.885016 -0.463892
vn -0.401197 -0.855015 0.328620
vn -0.401197 -0.855015 0.328620
vn -0.401197 -0.855015 0.328620
vn -0.401196 -0.855015 0.328620
vn -0.167994 -0.937789 -0.303858
vn -0.167994 -0.937789 -0.303858
vn -0.167994 -0.937789 -0.303858
vn -0.167994 -0.937789 -0.303858
vn 0.032792 -0.911223 -0.410605
vn 0.032792 -0.911223 -0.410605
vn 0.032792 -0.911223 -0.410605
vn 0.032792 -0.911223 -0.410605
vn -0.021946 0.864411 -0.502307
vn -0.021946 0.864411 -0.502307
vn -0.021946 0.864411 -0.502307
vn -0.021946 0.864411 -0.502307
vn 0.029061 -0.915761 0.400670
vn 0.029061 -0.915761 0.400670
vn 0.029061 -0.915761 0.400670
vn 0.029061 -0.915761 0.400670
vn -0.083502 0.900407 0.426960
vn -0.083502 0.900407 0.426960
vn -0.083502 0.900407 0.426960
vn -0.083502 0.900407 0.426960
vn 0.001891 0.060235 -0.998183
vn 0.001891 0.060235 -0.998182
vn 0.001891 0.060235 -0.998182
vn 0.001891 0.060235 -0.998183
vn -0.080865 0.062370 0.994772
vn -0.080865 0.062370 0.994772
vn -0.080865 0.062370 0.994772
vn -0.080865 0.062370 0.994772
vn -0.921040 0.080129 0.381136
vn -0.921040 0.080129 0.381136
vn -0.921040 0.080129 0.381136
vn -0.921040 0.080129 0.381136
vn -0.350663 0.177450 -0.919536
vn -0.350679 0.177193 -0.919580
vn -0.350215 0.184607 -0.918297
vn -0.350215 0.184607 -0.918297
vn -0.906788 0.091100 -0.411626
vn -0.906788 0.091100 -0.411626
vn -0.906788 0.091100 -0.411626
vn -0.906788 0.091100 -0.411626
vn -0.359352 0.139020 0.922789
vn -0.359352 0.139020 0.922789
vn -0.359919 0.128242 0.924128
vn -0.359904 0.128540 0.924092
vn -0.921019 0.080134 0.381186
vn -0.921019 0.080134 0.381186
vn -0.921019 0.080134 0.381186
vn -0.921019 0.080134 0.381186
vn -0.901849 0.091692 -0.422210
vn -0.901849 0.091692 -0.422210
vn -0.901849 0.091692 -0.422210
vn -0.901849 0.091692 -0.422210
vn -0.342065 0.177846 -0.922693
vn -0.342081 0.177588 -0.922737
vn -0.341608 0.185175 -0.921420
vn -0.341608 0.185175 -0.921420
vn -0.371135 0.138424 0.918203
vn -0.371705 0.127945 0.919492
vn -0.371689 0.128249 0.919456
vn -0.371135 0.138424 0.918203
vn -0.233531 0.706885 -0.667665
vn -0.234009 0.705442 -0.669023
vn -0.245229 0.669721 -0.700954
vn -0.245229 0.669721 -0.700954
vn -0.380490 0.815056 0.436934
vn -0.380490 0.815056 0.436934
vn -0.380490 0.815056 0.436934
vn -0.380490 0.815056 0.436934
vn -0.237891 0.862649 -0.446368
vn -0.237891 0.862649 -0.446368
vn -0.237891 0.862649 -0.446368
vn -0.237891 0.862649 -0.446368
vn -0.230083 0.575907 0.784470
vn -0.230083 0.575907 0.784470
vn -0.230336 0.575042 0.785030
vn -0.230338 0.575034 0.785035
vn -0.000008 -0.156130 -0.987737
vn -0.000008 -0.156130 -0.987737
vn -0.000008 -0.156130 -0.987737
vn -0.000008 -0.156130 -0.987737
vn 0.000016 -0.156113 -0.987739
vn 0.000016 -0.156113 -0.987739
vn 0.000016 -0.156113 -0.987739
vn 0.000016 -0.156113 -0.987739
vn -0.000005 -0.156114 -0.987739
vn -0.000005 -0.156114 -0.987739
vn -0.000005 -0.156114 -0.987739
vn -0.000005 -0.156114 -0.987739
vn 0.000021 -0.156137 -0.987735
vn 0.000021 -0.156137 -0.987735
vn 0.000021 -0.156137 -0.987735
vn 0.000021 -0.156137 -0.987735
vn 0.336274 0.937359 0.090988
vn 0.336274 0.937359 0.090988
vn 0.336274 0.937359 0.090988
vn 0.896956 0.070262 -0.436500
vn 0.896956 0.070262 -0.436500
vn 0.896956 0.070262 -0.436500
vn -0.873204 0.469998 0.128909
vn -0.873204 0.469998 0.128909
vn -0.873204 0.469998 0.128909
vn -0.873204 0.469998 0.128909
vn 0.935005 0.328316 0.134068
vn 0.935005 0.328316 0.134068
vn 0.935005 0.328316 0.134068
vn 0.935005 0.328316 0.134068
vn -0.009415 -0.273207 0.961909
vn -0.009415 -0.273207 0.961909
vn -0.009415 -0.273207 0.961909
vn -0.009415 -0.273207 0.961909
vn -0.751096 -0.003221 0.660185
vn -0.751096 -0.003221 0.660185
vn -0.751096 -0.003221 0.660185
vn -0.751096 -0.003221 0.660185
vn 0.758334 -0.051173 0.649854
vn 0.758334 -0.051173 0.649854
vn 0.758334 -0.051173 0.649854
vn 0.758334 -0.051173 0.649854
vn -0.122327 0.925388 -0.358739
vn -0.122327 0.925388 -0.358739
vn -0.122327 0.925388 -0.358739
vn -0.122327 0.925388 -0.358739
vn -0.093619 0.011220 -0.995545
vn -0.093619 0.011220 -0.995545
vn -0.093619 0.011220 -0.995545
vn -0.093619 0.011220 -0.995545
vn 0.044334 -0.892131 0.449596
vn 0.044334 -0.892131 0.449596
vn 0.044334 -0.892131 0.449596
vn 0.044334 -0.892131 0.449596
vn -0.086370 0.947568 0.307661
vn -0.086370 0.947568 0.307661
vn -0.086370 0.947568 0.307661
vn -0.086370 0.947568 0.307661
vn -0.244706 -0.021858 0.969351
vn -0.244706 -0.021858 0.969351
vn -0.244706 -0.021858 0.969351
vn -0.244706 -0.021858 0.969351
vn 0.124092 -0.868680 -0.479579
vn 0.124092 -0.868680 -0.479579
vn 0.124092 -0.868680 -0.479579
vn 0.124092 -0.868680 -0.479579
vn -0.104938 0.916198 0.386742
vn -0.104938 0.916198 0.386742
vn -0.104938 0.916198 0.386742
vn -0.104938 0.916198 0.386742
vn -0.039906 0.034783 -0.998598
vn -0.039906 0.034783 -0.998598
vn -0.039906 0.034783 -0.998598
vn -0.039906 0.034783 -0.998598
vn 0.016310 -0.872218 -0.488846
vn 0.016310 -0.872218 -0.488846
vn 0.016310 -0.872218 -0.488846
vn 0.016310 -0.872218 -0.488846
vn -0.031026 -0.006904 0.999495
vn -0.031026 -0.006904 0.999495
vn -0.031026 -0.006904 0.999495
vn -0.031026 -0.006904 0.999495
vn -0.102211 0.890011 -0.444335
vn -0.102211 0.890011 -0.444335
vn -0.102211 0.890011 -0.444335
vn -0.102211 0.890011 -0.444335
vn 0.019439 -0.886848 0.461653
vn 0.019439 -0.886848 0.461653
vn 0.019439 -0.886848 0.461653
vn 0.019439 -0.886848 0.461653
vn 0.026363 0.003157 0.999647
vn 0.026363 0.003157 0.999647
vn 0.026363 0.003157 0.999647
vn 0.026363 0.003157 0.999647
vn 0.029576 0.998143 -0.053245
vn 0.029576 0.998143 -0.053245
vn 0.029576 0.998143 -0.053245
vn 0.029576 0.998143 -0.053245
vn 0.184410 0.977838 -0.099122
vn 0.184410 0.977838 -0.099122
vn 0.184410 0.977838 -0.099122
vn 0.184410 0.977838 -0.099122
vn -0.137485 0.985267 -0.101725
vn -0.137485 0.985267 -0.101725
vn -0.137485 0.985267 -0.101725
vn -0.137485 0.985267 -0.101725
vn 0.155358 0.978403 -0.136351
vn 0.155358 0.978403 -0.136351
vn 0.155358 0.978403 -0.136351
vn 0.155358 0.978403 -0.136351
vn -0.115219 0.989228 -0.090295
vn -0.115219 0.989228 -0.090295
vn -0.115219 0.989228 -0.090295
vn -0.115219 0.989228 -0.090295
vn -0.037504 0.984431 -0.171722
vn -0.037504 0.984431 -0.171722
vn -0.037504 0.984431 -0.171722
vn -0.037504 0.984431 -0.171722
vn 0.130172 0.972442 -0.193419
vn 0.130172 0.972442 -0.193419
vn 0.130172 0.972442 -0.193419
vn 0.130172 0.972442 -0.193419
vn 0.015271 0.977132 -0.212083
vn 0.015271 0.977132 -0.212083
vn 0.015271 0.977132 -0.212083
vn 0.015271 0.977132 -0.212083
vn -0.958989 0.268615 -0.090472
vn -0.958989 0.268615 -0.090472
vn -0.958990 0.268615 -0.090472
vn -0.958990 0.268615 -0.090472
vn -0.987364 0.054149 -0.148933
vn -0.987364 0.054149 -0.148933
vn -0.987364 0.054149 -0.148933
vn -0.987364 0.054149 -0.148933
vn -0.988213 0.033586 -0.149357
vn -0.988213 0.033586 -0.149357
vn -0.988213 0.033586 -0.149357
vn -0.988213 0.033586 -0.149357
vn -0.095814 0.995399 0.000501
vn -0.095814 0.995399 0.000501
vn -0.095814 0.995399 0.000501
vn -0.095814 0.995399 0.000501
vn 0.000000 1.000000 0.000000
vn 0.000000 1.000000 0.000000
vn 0.000000 1.000000 0.000000
vn 0.000000 1.000000 0.000000
vn 0.076854 0.997042 0.000000
vn 0.076854 0.997042 0.000000
vn 0.076854 0.997042 0.000000
vn 0.076854 0.997042 0.000000
vn 0.060835 0.998144 -0.002786
vn 0.060835 0.998144 -0.002786
vn 0.060835 0.998144 -0.002786
vn 0.060835 0.998144 -0.002786
vn 0.102042 0.994780 0.000000
vn 0.102042 0.994780 0.000000
vn 0.102042 0.994780 0.000000
vn 0.102042 0.994780 0.000000
vn -0.005389 0.250404 0.968126
vn -0.005389 0.250404 0.968126
vn -0.005389 0.250404 0.968126
vn -0.005389 0.250404 0.968126
vn 0.903064 0.276884 0.328344
vn 0.903064 0.276884 0.328344
vn 0.903064 0.276884 0.328344
vn 0.903064 0.276884 0.328344
vn -0.903260 0.276029 0.328527
vn -0.903260 0.276029 0.328527
vn -0.903260 0.276029 0.328527
vn -0.903260 0.276029 0.328527
vn 0.232147 -0.912223 0.337575
vn 0.232147 -0.912223 0.337575
vn 0.232147 -0.912223 0.337575
vn 0.232147 -0.912223 0.337575
vn -0.954830 0.297147 -0.001935
vn -0.954830 0.297147 -0.001935
vn -0.954830 0.297147 -0.001935
vn -0.954830 0.297147 -0.001935
vn -0.153547 0.524231 0.837619
vn -0.153547 0.524231 0.837619
vn -0.153547 0.524231 0.837619
vn -0.153547 0.524231 0.837619
vn -0.013913 0.914031 0.405407
vn -0.013913 0.914031 0.405406
vn -0.013913 0.914031 0.405406
vn -0.013913 0.914031 0.405406
vn -0.890148 -0.211069 -0.403840
vn -0.890148 -0.211069 -0.403840
vn -0.890148 -0.211069 -0.403840
vn -0.216878 -0.677003 0.703300
vn -0.216878 -0.677003 0.703300
vn -0.216878 -0.677003 0.703300
vn -0.216878 -0.677003 0.703300
vn -0.310342 -0.403141 -0.860909
vn -0.310342 -0.403141 -0.860909
vn -0.310342 -0.403141 -0.860909
vn -0.310342 -0.403141 -0.860909
vn 0.083586 -0.995177 -0.051342
vn 0.083586 -0.995177 -0.051342
vn 0.083586 -0.995177 -0.051342
vn -0.320228 0.928226 -0.189342
vn -0.320228 0.928226 -0.189342
vn -0.320228 0.928226 -0.189342
vn -0.320228 0.928226 -0.189342
vn -0.299257 0.480572 -0.824315
vn -0.299257 0.480572 -0.824315
vn -0.299257 0.480572 -0.824315
vn -0.299257 0.480572 -0.824315
vn -0.343156 -0.823442 0.451871
vn -0.343156 -0.823442 0.451871
vn -0.343156 -0.823442 0.451871
vn 0.525677 0.829258 0.189725
vn 0.525677 0.829258 0.189725
vn 0.525677 0.829258 0.189725
vn 0.581764 0.734792 0.348758
vn 0.581764 0.734792 0.348758
vn 0.581764 0.734792 0.348758
vn 0.612800 -0.178655 -0.769778
vn 0.612800 -0.178655 -0.769779
vn 0.612800 -0.178655 -0.769778
vn 0.612800 -0.178655 -0.769778
vn 0.445443 0.392246 0.804813
vn 0.445443 0.392246 0.804813
vn 0.445443 0.392246 0.804813
vn -0.075093 -0.791707 0.606269
vn -0.075093 -0.791707 0.606269
vn -0.075093 -0.791707 0.606269
vn -0.075093 -0.791707 0.606268
vn 0.137029 0.930794 0.338888
vn 0.137029 0.930794 0.338888
vn 0.137029 0.930794 0.338888
vn 0.137029 0.930794 0.338888
vn 0.144919 -0.782700 0.605293
vn 0.144919 -0.782700 0.605293
vn 0.144919 -0.782700 0.605293
vn 0.144919 -0.782700 0.605293
vn -0.066605 -0.385908 -0.920130
vn -0.066605 -0.385908 -0.920130
vn -0.066605 -0.385908 -0.920130
vn -0.066605 -0.385908 -0.920130
vn 0.037227 -0.990268 0.134106
vn 0.037227 -0.990268 0.134106
vn 0.037227 -0.990268 0.134106
vn 0.037227 -0.990268 0.134106
vn 0.207259 0.929974 -0.303633
vn 0.207259 0.929974 -0.303633
vn 0.207259 0.929974 -0.303633
vn 0.207259 0.929973 -0.303633
vn 0.062178 0.562862 -0.824209
vn 0.062178 0.562862 -0.824209
vn 0.062178 0.562862 -0.824209
vn 0.062178 0.562862 -0.824209
vn 0.078721 -0.963397 0.256261
vn 0.078721 -0.963397 0.256261
vn 0.078721 -0.963397 0.256261
vn 0.078721 -0.963397 0.256261
vn 0.165451 -0.981877 0.092429
vn 0.165451 -0.981877 0.092429
vn 0.165451 -0.981877 0.092429
vn -0.779390 0.595197 -0.195685
vn -0.779390 0.595197 -0.195685
vn -0.779390 0.595197 -0.195685
vn -0.779390 0.595197 -0.195685
vn -0.201902 0.946825 -0.250515
vn -0.201902 0.946825 -0.250515
vn -0.201902 0.946825 -0.250515
vn -0.201902 0.946825 -0.250515
vn 0.533539 0.828006 -0.172459
vn 0.533539 0.828006 -0.172459
vn 0.533539 0.828006 -0.172459
vn 0.533539 0.828006 -0.172459
vn 0.384641 0.916019 -0.113845
vn 0.384641 0.916019 -0.113845
vn 0.384641 0.916019 -0.113845
vn 0.384641 0.916019 -0.113845
vn -0.949659 -0.053152 0.308745
vn -0.949659 -0.053152 0.308745
vn -0.949659 -0.053152 0.308745
vn -0.949659 -0.053152 0.308745
vn 0.381622 -0.295419 0.875838
vn 0.381622 -0.295419 0.875838
vn 0.381622 -0.295419 0.875838
vn -0.220237 -0.080939 0.972083
vn -0.220237 -0.080939 0.972083
vn -0.220237 -0.080939 0.972083
vn -0.220237 -0.080939 0.972083
vn -0.709612 0.255715 -0.656552
vn -0.709612 0.255715 -0.656552
vn -0.709612 0.255715 -0.656552
vn -0.334700 0.240428 -0.911137
vn -0.334700 0.240428 -0.911137
vn -0.334700 0.240428 -0.911137
vn -0.334700 0.240428 -0.911137
vn 0.886872 0.326980 0.326409
vn 0.886872 0.326980 0.326409
vn 0.886872 0.326980 0.326409
vn 0.688477 -0.082242 -0.720581
vn 0.688477 -0.082242 -0.720581
vn 0.688477 -0.082242 -0.720581
vn 0.688477 -0.082242 -0.720581
vn 0.616969 0.027877 -0.786494
vn 0.616969 0.027877 -0.786494
vn 0.616969 0.027877 -0.786494
vn 0.616969 0.027877 -0.786494
vn -0.936166 0.341350 -0.084105
vn -0.936166 0.341350 -0.084105
vn -0.936166 0.341350 -0.084105
vn 0.866123 0.126138 -0.483652
vn 0.866123 0.126138 -0.483652
vn 0.866123 0.126138 -0.483652
vn 0.866123 0.126138 -0.483652
vn 0.048210 0.213593 -0.975733
vn 0.048210 0.213592 -0.975733
vn 0.048210 0.213592 -0.975733
vn 0.048210 0.213592 -0.975733
vn 0.076313 -0.880480 0.467901
vn 0.076313 -0.880480 0.467901
vn 0.076313 -0.880480 0.467901
vn 0.076313 -0.880480 0.467901
vn 0.119347 0.936270 -0.330387
vn 0.119347 0.936270 -0.330387
vn 0.119347 0.936270 -0.330387
vn 0.119347 0.936270 -0.330387
vn 0.102866 -0.580352 0.807843
vn 0.102866 -0.580352 0.807843
vn 0.102866 -0.580352 0.807843
vn 0.187949 -0.023152 0.981906
vn 0.187949 -0.023152 0.981906
vn 0.187949 -0.023152 0.981906
vn -0.421783 -0.767174 0.483264
vn -0.421783 -0.767173 0.483264
vn -0.421783 -0.767173 0.483264
vn 0.056687 -0.015657 0.998269
vn 0.056687 -0.015657 0.998269
vn 0.056687 -0.015657 0.998269
vn -0.781669 0.041205 -0.622331
vn -0.781669 0.041204 -0.622331
vn -0.781669 0.041205 -0.622331
vn -0.781669 0.041205 -0.622331
vn -0.999586 0.008415 -0.027530
vn -0.999586 0.008415 -0.027530
vn -0.999586 0.008415 -0.027530
vn -0.836415 -0.351107 -0.420873
vn -0.836415 -0.351107 -0.420872
vn -0.836415 -0.351107 -0.420873
vn -0.988117 -0.106557 -0.110772
vn -0.988117 -0.106557 -0.110772
vn -0.988117 -0.106557 -0.110772
vn -0.988117 -0.106557 -0.110772
vn 0.471979 0.418484 0.775956
vn 0.471979 0.418484 0.775956
vn 0.471979 0.418484 0.775956
vn 0.471979 0.418484 0.775956
vn 0.510482 -0.231336 0.828186
vn 0.510482 -0.231336 0.828186
vn 0.510482 -0.231336 0.828186
vn 0.519723 -0.785696 0.335515
vn 0.519723 -0.785696 0.335515
vn 0.519723 -0.785696 0.335515
vn 0.176862 0.549433 0.816604
vn 0.176862 0.549433 0.816604
vn 0.176862 0.549433 0.816604
vn 0.176862 0.549433 0.816604
vn 0.218935 -0.607641 0.763440
vn 0.218935 -0.607641 0.763440
vn 0.218935 -0.607641 0.763440
vn 0.636468 0.547327 0.543453
vn 0.636468 0.547327 0.543453
vn 0.636468 0.547327 0.543453
vn -0.175479 -0.964244 0.198597
vn -0.175479 -0.964244 0.198597
vn -0.175479 -0.964244 0.198597
vn -0.175479 -0.964244 0.198597
vn 0.211293 -0.713901 0.667609
vn 0.211293 -0.713900 0.667609
vn 0.211293 -0.713900 0.667609
vn 0.315412 0.069597 -0.946399
vn 0.315412 0.069597 -0.946399
vn 0.002631 -0.999910 -0.013174
vn 0.002631 -0.999910 -0.013174
vn 0.350213 0.184607 -0.918298
vn 0.350213 0.184607 -0.918298
vn 0.341608 0.185175 -0.921420
vn 0.341608 0.185175 -0.921420
vn 0.332596 0.185782 -0.924589
vn 0.332596 0.185782 -0.924589
vn 0.341138 -0.069313 -0.937455
vn 0.341138 -0.069313 -0.937454
vn 0.357762 -0.068921 -0.931266
vn 0.357762 -0.068921 -0.931266
vn 0.323279 -0.094544 -0.941569
vn 0.323279 -0.094544 -0.941569
vn 0.292347 0.122095 -0.948486
vn 0.292347 0.122095 -0.948486
vn 0.245230 0.669721 -0.700954
vn 0.245230 0.669721 -0.700954
vn 0.280551 0.648105 -0.707991
vn 0.280551 0.648105 -0.707991
vn 0.324045 0.521950 -0.789027
vn 0.324045 0.521950 -0.789027
vn 0.389099 0.151741 -0.908613
vn 0.389099 0.151741 -0.908612
vn 0.189834 -0.907140 -0.375580
vn 0.189834 -0.907140 -0.375580
vn 0.285024 -0.404051 -0.869197
vn 0.285024 -0.404051 -0.869197
vn 0.398157 0.150628 -0.904866
vn 0.398157 0.150628 -0.904866
vn 0.314792 0.205187 -0.926717
vn 0.314792 0.205187 -0.926717
vn 0.389430 0.863474 -0.320557
vn 0.389430 0.863474 -0.320557
vn 0.389429 0.863474 0.320558
vn 0.389429 0.863474 0.320558
vn 0.313545 0.204021 0.927397
vn 0.313545 0.204021 0.927397
vn 0.378962 0.764942 0.520819
vn 0.378962 0.764941 0.520819
vn 0.287647 -0.574487 0.766305
vn 0.287647 -0.574487 0.766305
vn 0.205099 -0.890486 0.406164
vn 0.205099 -0.890486 0.406164
vn 0.394268 0.105019 0.912975
vn 0.394268 0.105019 0.912975
vn 0.251520 0.715967 0.651252
vn 0.251520 0.715967 0.651252
vn 0.244157 0.593384 0.766996
vn 0.244157 0.593384 0.766996
vn 0.230083 0.575907 0.784470
vn 0.230083 0.575907 0.784470
vn 0.366510 0.313213 0.876109
vn 0.366510 0.313213 0.876110
vn 0.416380 -0.108230 0.902726
vn 0.416380 -0.108230 0.902726
vn 0.352808 -0.120668 0.927882
vn 0.352808 -0.120668 0.927883
vn 0.344183 -0.106385 0.932856
vn 0.344183 -0.106385 0.932856
vn 0.346882 0.139660 0.927453
vn 0.346882 0.139660 0.927453
vn 0.359353 0.139020 0.922789
vn 0.359353 0.139020 0.922789
vn 0.371135 0.138424 0.918203
vn 0.371135 0.138424 0.918203
vn 0.002896 -0.999966 -0.007784
vn 0.002896 -0.999965 -0.007784
vn 0.350943 0.000685 0.936397
vn 0.350943 0.000685 0.936397
vn -0.313390 0.118658 -0.942182
vn -0.313390 0.118658 -0.942182
vn -0.002081 -0.999930 -0.011675
vn -0.002081 -0.999930 -0.011675
vn -0.350812 0.175000 -0.919949
vn -0.350812 0.175000 -0.919949
vn -0.342216 0.175348 -0.923115
vn -0.342216 0.175348 -0.923115
vn -0.333206 0.175755 -0.926328
vn -0.333206 0.175755 -0.926328
vn -0.341537 -0.050802 -0.938494
vn -0.341537 -0.050802 -0.938494
vn -0.358159 -0.050816 -0.932277
vn -0.358159 -0.050816 -0.932277
vn -0.319570 -0.177479 -0.930793
vn -0.319570 -0.177479 -0.930793
vn -0.291847 0.135187 -0.946863
vn -0.291847 0.135187 -0.946863
vn -0.230362 0.716324 -0.658645
vn -0.230362 0.716324 -0.658645
vn -0.284916 0.634109 -0.718839
vn -0.284916 0.634109 -0.718839
vn -0.309131 0.581666 -0.752398
vn -0.309131 0.581666 -0.752398
vn -0.389432 0.142811 -0.909916
vn -0.389432 0.142811 -0.909916
vn -0.196191 -0.895546 -0.399383
vn -0.196191 -0.895546 -0.399383
vn -0.285034 -0.404014 -0.869211
vn -0.285034 -0.404014 -0.869211
vn -0.391188 0.097493 -0.915132
vn -0.391188 0.097493 -0.915132
vn -0.301362 0.145228 -0.942385
vn -0.301362 0.145228 -0.942385
vn -0.390733 0.870709 -0.298653
vn -0.390733 0.870709 -0.298653
vn -0.390734 0.870709 0.298653
vn -0.390734 0.870709 0.298652
vn -0.302089 0.145538 0.942104
vn -0.302089 0.145538 0.942104
vn -0.414865 0.642316 0.644451
vn -0.414865 0.642316 0.644451
vn -0.289566 -0.568521 0.770023
vn -0.289566 -0.568521 0.770023
vn -0.209035 -0.882572 0.421154
vn -0.209035 -0.882572 0.421154
vn -0.394814 0.088745 0.914465
vn -0.394814 0.088745 0.914465
vn -0.228967 0.770161 0.595337
vn -0.228967 0.770161 0.595337
vn -0.220907 0.672766 0.706106
vn -0.220907 0.672766 0.706106
vn -0.230425 0.574737 0.785227
vn -0.230425 0.574737 0.785227
vn -0.382974 0.201549 0.901504
vn -0.382974 0.201549 0.901504
vn -0.418138 0.011054 0.908316
vn -0.418138 0.011054 0.908316
vn -0.353223 -0.106355 0.929474
vn -0.353223 -0.106355 0.929474
vn -0.344363 -0.100182 0.933476
vn -0.344363 -0.100182 0.933476
vn -0.347600 0.125324 0.929230
vn -0.347600 0.125324 0.929230
vn -0.360080 0.125016 0.924507
vn -0.360080 0.125016 0.924507
vn -0.371868 0.124797 0.919859
vn -0.371868 0.124797 0.919859
vn -0.002169 -0.999952 -0.009577
vn -0.002169 -0.999952 -0.009577
vn -0.348996 0.076653 0.933984
vn -0.348996 0.076653 0.933984
vn 0.113112 -0.258053 0.959486
vn 0.113112 -0.258053 0.959486
vn 0.113112 -0.258053 0.959486
vn 0.113112 -0.258053 0.959486
vn -0.113112 -0.258053 0.959486
vn -0.113112 -0.258053 0.959486
vn -0.113112 -0.258053 0.959486
vn -0.113112 -0.258053 0.959486
vn 0.184362 -0.061123 0.980956
vn 0.184362 -0.061123 0.980956
vn 0.184362 -0.061123 0.980956
vn 0.184362 -0.061123 0.980956
vn -0.184362 -0.061123 0.980956
vn -0.184362 -0.061123 0.980956
vn -0.184362 -0.061123 0.980956
vn -0.184362 -0.061123 0.980956
vn 0.193968 0.012948 -0.980922
vn 0.193968 0.012948 -0.980922
vn 0.193968 0.012948 -0.980922
vn 0.193968 0.012948 -0.980922
vn -0.193968 0.012948 -0.980922
vn -0.193968 0.012948 -0.980922
vn -0.193968 0.012948 -0.980922
vn -0.193968 0.012948 -0.980922
vn 0.155365 -0.149187 -0.976527
vn 0.155365 -0.149187 -0.976527
vn 0.155365 -0.149187 -0.976527
vn 0.155365 -0.149187 -0.976527
vn -0.155363 -0.149187 -0.976527
vn -0.155363 -0.149187 -0.976527
vn -0.155363 -0.149187 -0.976527
vn -0.155363 -0.149187 -0.976527
vn 0.032269 -0.999479 0.000319
vn 0.032269 -0.999479 0.000319
vn 0.032269 -0.999479 0.000319
vn 0.032269 -0.999479 0.000319
vn 0.032269 -0.999479 0.000319
vn 0.032269 -0.999479 0.000319
vn 0.032269 -0.999479 0.000319
vn 0.032269 -0.999479 0.000319
vn 0.032269 -0.999479 0.000319
vn 0.032269 -0.999479 0.000319
vn 0.032269 -0.999479 0.000319
vn 0.032269 -0.999479 0.000319
vn -0.032269 -0.999479 0.000319
vn -0.032269 -0.999479 0.000319
vn -0.032269 -0.999479 0.000319
vn -0.032269 -0.999479 0.000319
vn -0.032269 -0.999479 0.000319
vn -0.032269 -0.999479 0.000319
vn -0.032269 -0.999479 0.000319
vn -0.032269 -0.999479 0.000319
vn -0.032269 -0.999479 0.000319
vn -0.032269 -0.999479 0.000319
vn -0.032269 -0.999479 0.000319
vn -0.032269 -0.999479 0.000319
s off
g Mesh
usemtl nino2:Material_001
f 39/1/1 227/2/2 38/15/3 229/77/4
f 40/3/5 227/2/6 39/76/7 228/75/8
f 226/4/9 40/3/10 1/5/11 221/6/12
f 221/7/13 1/8/14 2/9/15 222/10/16
f 222/10/17 2/9/18 3/11/19 223/12/20
f 223/13/21 3/14/22 38/15/23 224/16/24
f 2/17/25 1/5/26 4/18/27 5/19/28
f 3/14/29 2/17/30 5/19/31 6/20/32
f 128/21/33 126/22/34 7/23/35 10/24/36
f 266/25/37 265/26/38 143/27/39 140/28/40
f 127/29/41 128/30/42 10/31/43 9/32/44
f 126/33/45 129/34/46 8/35/47 7/36/48
f 206/37/49 209/38/50 159/39/51 12/40/52
f 160/41/53 211/42/54 206/43/55 12/44/56
f 118/45/57 135/46/58 210/47/59 205/48/60
f 161/49/61 14/50/62 16/51/63 159/52/64
f 213/53/65 137/54/66 136/55/67 204/56/68
s 1
f 172/57/69 253/58/70 625/1287/71 626/1289/72
s 2
f 43/61/73 239/62/74 628/1292/75 629/1294/76
s off
f 44/65/77 237/66/78 231/67/79 42/68/80
f 42/69/81 231/70/82 239/62/83 43/61/84
f 20/71/85 19/72/86 24/73/87 25/74/88
f 178/78/89 188/79/90 240/80/91 243/81/92
s 3
f 646/1324/93 647/1326/94 257/83/95 30/84/96
s off
f 260/86/97 259/87/98 27/88/99 29/89/100
f 257/83/101 260/90/102 29/91/103 30/84/104
s 4
f 259/87/105 631/1297/106 632/1299/107 27/88/108
s 5
f 35/94/109 79/95/110 644/1320/111 645/1322/112
s off
f 33/98/113 78/99/114 75/100/115 34/101/116
s 6
f 632/1300/117 633/1301/118 33/104/119 27/105/120
s off
f 34/101/121 75/100/122 79/106/123 35/107/124
f 182/108/125 183/109/126 242/110/127 245/111/128
f 179/112/129 177/113/130 283/114/131 282/115/132
f 277/116/133 48/117/134 49/118/135 275/119/136
f 186/120/137 179/112/138 282/115/139 279/121/140
s 7
f 637/1308/141 638/1309/142 57/124/143 70/125/144
s 8
f 635/1305/145 636/1307/146 60/128/147 56/129/148
s off
f 56/130/149 60/131/150 67/132/151 61/133/152
f 70/134/153 57/135/154 62/136/155 73/137/156
f 73/137/157 62/136/158 55/138/159 71/139/160
f 61/133/161 67/132/162 63/140/163 54/141/164
s 9
f 54/142/165 63/143/166 642/1316/167 643/1318/168
s 10
f 55/146/169 640/1312/170 641/1314/171 71/149/172
s off
f 56/150/173 61/151/174 75/152/175 78/153/176
s 11
f 57/154/177 638/1310/178 639/1311/179 62/157/180
s 12
f 62/157/181 639/1311/182 640/1313/183 55/159/184
s off
f 67/132/185 73/137/186 71/139/187 63/140/188
f 60/131/189 70/134/190 73/137/191 67/132/192
s 13
f 636/1307/193 637/1308/194 70/125/195 60/128/196
s 14
f 63/160/197 71/161/198 641/1315/199 642/1317/200
s off
f 79/164/201 75/152/202 61/151/203 54/165/204
s 15
f 643/1319/205 644/1321/206 79/164/207 54/165/208
s 16
f 634/1303/209 635/1306/210 56/150/211 78/153/212
s off
f 29/170/213 34/171/214 35/172/215 30/173/216
f 27/105/217 33/104/218 34/171/219 29/170/220
s 17
f 30/173/221 35/172/222 645/1323/223 646/1325/224
s 18
f 633/1302/225 634/1304/226 78/178/227 33/179/228
s off
f 99/180/229 96/181/230 85/182/231 84/183/232
f 100/184/233 97/185/234 81/186/235 82/187/236
f 187/188/237 184/189/238 276/190/239 273/191/240
f 98/192/241 99/180/242 84/183/243 83/193/244
f 97/185/245 101/194/246 80/195/247 81/186/248
f 101/196/249 98/197/250 83/198/251 80/199/252
f 96/200/253 100/201/254 82/202/255 85/203/256
f 110/204/257 108/205/258 90/206/259 89/207/260
f 111/208/261 106/209/262 86/210/263 91/211/264
f 88/212/265 87/213/266 114/214/267 105/215/268
f 107/216/269 110/204/270 89/207/271 88/217/272
f 106/209/273 109/218/274 87/219/275 86/210/276
f 108/220/277 111/221/278 91/222/279 90/223/280
f 102/224/281 113/225/282 95/226/283 114/227/284
f 88/217/285 105/228/286 103/229/287 107/216/288
f 103/229/289 112/230/290 93/231/291 104/232/292
f 113/233/293 112/234/294 94/235/295 95/236/296
f 80/237/297 83/238/298 84/239/299 81/240/300
f 81/240/301 84/239/302 85/241/303 82/242/304
f 89/207/305 90/206/306 101/194/307 97/185/308
f 91/211/309 86/210/310 99/180/311 98/192/312
f 87/243/313 88/244/314 100/201/315 96/200/316
f 88/217/317 89/207/318 97/185/319 100/184/320
f 86/210/321 87/219/322 96/181/323 99/180/324
f 115/245/325 102/224/326 109/218/327 53/246/328
f 107/216/329 103/229/330 104/232/331 50/247/332
f 90/223/333 91/222/334 98/197/335 101/196/336
f 105/228/337 94/248/338 112/230/339 103/229/340
f 53/249/341 50/250/342 104/251/343 115/252/344
f 109/218/345 102/224/346 114/227/347 87/219/348
f 105/253/349 114/254/350 95/255/351 94/256/352
f 52/257/353 53/246/354 109/218/355 106/209/356
f 50/247/357 49/118/358 110/204/359 107/216/360
f 92/258/361 93/259/362 112/707/363 113/260/364
f 51/261/365 52/257/366 106/209/367 111/208/368
f 49/118/369 48/117/370 108/205/371 110/204/372
f 92/262/373 113/225/374 102/224/375 115/245/376
f 48/263/377 51/264/378 111/221/379 108/220/380
f 161/265/381 214/266/382 203/267/383 13/268/384
f 208/269/385 211/270/386 160/271/387 11/272/388
f 212/273/389 133/274/390 118/275/391 205/276/392
f 159/39/393 209/38/394 214/277/395 161/278/396
f 210/47/397 135/46/398 137/279/399 213/280/400
f 152/281/401 130/282/402 123/283/403 151/284/404
f 271/285/405 270/286/406 130/282/407 152/281/408
f 295/287/409 148/288/410 123/283/411 130/282/412
f 220/289/413 16/290/414 14/291/415 218/292/416
f 219/293/417 15/294/418 158/295/419 216/296/420
f 218/297/421 14/298/422 156/299/423 215/300/424
f 217/301/425 157/302/426 15/303/427 219/304/428
f 216/305/429 158/306/430 16/290/431 220/289/432
f 267/307/433 152/308/434 151/309/435 122/310/436
f 149/311/437 296/312/438 270/313/439 124/314/440
f 133/315/441 119/316/442 147/317/443
f 145/318/444 118/319/445 133/320/446 146/321/447
f 144/322/448 145/318/449 128/323/450 127/324/451
f 189/325/452 116/326/453 141/327/454 190/328/455
f 193/329/456 134/330/457 138/331/458 194/332/459
f 191/333/460 132/334/461 139/335/462 192/336/463
f 155/337/464 266/338/465 140/339/466 272/340/467
f 296/312/468 295/287/469 130/282/470 270/313/471
f 269/341/472 272/342/473 154/343/474 131/344/475
f 140/28/476 143/27/477 267/345/478 268/346/479
f 297/347/480 131/344/481 120/348/482 298/349/483
f 142/350/484 127/29/485 295/287/486 296/312/487
f 117/351/488 142/350/489 296/312/490 149/311/491
f 127/29/492 9/32/493 148/288/494 295/287/495
f 118/319/496 145/318/497 144/322/498
f 128/323/499 145/318/500 146/321/501 126/352/502
f 126/352/503 146/321/504 147/353/505 129/354/506
f 154/355/507 268/356/508 121/357/509 150/358/510
f 265/359/511 153/360/512 271/361/513 143/362/514
f 129/34/515 297/347/516 298/349/517 8/35/518
f 294/363/519 293/364/520 125/365/521 269/366/522
f 131/344/523 154/343/524 150/367/525 120/348/526
f 203/368/527 208/269/528 11/272/529 13/369/530
f 13/370/531 156/371/532 14/50/533 161/49/534
f 11/372/535 157/373/536 156/371/537 13/370/538
f 160/374/539 15/375/540 157/373/541 11/372/542
f 12/376/543 158/377/544 15/375/545 160/374/546
f 159/52/547 16/51/548 158/377/549 12/376/550
f 173/378/551 255/379/552 249/380/553 175/381/554
s 19
f 622/1281/555 623/1283/556 167/383/557 165/384/558
s off
f 167/383/559 164/386/560 169/387/561 165/384/562
f 164/386/563 170/388/564 163/389/565 169/387/566
s 20
f 170/388/567 655/1341/568 656/1343/569 163/389/570
s off
f 175/392/571 249/393/572 253/58/573 172/57/574
s 21
f 652/1336/575 653/1337/576 255/379/577 173/378/578
s 22
f 649/1330/579 650/1332/580 237/66/581 44/65/582
s off
f 244/398/583 242/399/584 183/400/585 180/401/586
f 245/402/587 241/403/588 185/404/589 182/405/590
f 178/406/591 187/407/592 177/408/593 188/409/594
f 243/81/595 244/398/596 180/401/597 178/78/598
f 241/403/599 240/410/600 188/411/601 185/404/602
f 25/412/603 47/413/604 44/414/605 20/415/606
f 182/416/607 186/417/608 181/418/609 183/419/610
f 182/416/611 185/420/612 179/421/613 186/417/614
f 185/420/615 188/409/616 177/408/617 179/421/618
f 19/72/619 18/422/620 22/423/621 24/73/622
f 178/406/623 180/424/624 184/425/625 187/407/626
f 180/424/627 183/419/628 181/418/629 184/425/630
f 134/426/631 189/325/632 190/328/633 138/427/634
f 116/428/635 191/333/636 192/336/637 141/429/638
f 117/351/639 193/329/640 194/332/641 142/350/642
f 119/430/643 133/431/644 212/432/645 207/433/646
f 198/434/647 197/435/648 195/436/649 196/437/650
f 202/438/651 199/439/652 200/440/653 201/441/654
f 264/442/655 261/443/656 199/444/657 202/445/658
f 261/446/659 262/447/660 200/448/661 199/449/662
f 263/450/663 264/451/664 202/452/665 201/453/666
f 262/454/667 263/455/668 201/456/669 200/457/670
f 181/458/671 186/459/672 279/460/673 278/461/674
f 115/252/675 104/251/676 93/462/677 92/463/678
f 212/273/679 205/276/680 206/43/681 211/42/682
f 210/47/683 213/280/684 214/277/685 209/38/686
f 208/269/687 203/368/688 204/464/689 207/433/690
f 209/38/691 206/37/692 205/48/693 210/47/694
f 213/53/695 204/56/696 203/267/697 214/266/698
f 211/270/699 208/269/700 207/433/701 212/432/702
f 136/465/703 119/430/704 207/433/705 204/464/706
f 226/466/707 221/467/708 218/468/709 215/469/710
f 223/470/711 224/471/712 219/472/713 216/473/714
f 225/474/715 226/475/716 215/476/717 217/477/718
f 221/478/719 222/479/720 220/480/721 218/481/722
f 215/482/723 156/483/724 157/302/725 217/301/726
f 222/479/727 223/484/728 216/485/729 220/480/730
f 225/486/731 227/487/732 40/3/733 226/4/734
f 224/488/735 38/489/736 227/487/737 225/486/738
s 23
f 656/1344/739 657/1345/740 228/75/741 163/492/742
s off
f 163/492/743 228/75/744 39/493/745 169/494/746
f 169/494/747 39/495/748 229/77/749 165/496/750
s 24
f 165/496/751 229/77/752 621/1280/753 622/1282/754
s off
f 219/472/755 224/471/756 225/474/757 217/477/758
s 25
f 238/499/759 172/57/760 626/1289/761 627/1290/762
s 26
f 651/1334/763 652/1336/764 173/378/765 236/502/766
s off
f 230/503/767 175/392/768 172/57/769 238/499/770
s 27
f 650/1333/771 651/1335/772 236/505/773 237/506/774
s off
f 236/505/775 230/508/776 231/509/777 237/506/778
f 230/510/779 238/511/780 239/512/781 231/513/782
s 28
f 238/511/783 627/1291/784 628/1293/785 239/512/786
s off
f 236/502/787 173/378/788 175/381/789 230/516/790
s 29
f 46/517/791 43/518/792 629/1295/793 630/1296/794
s off
f 18/521/795 43/518/796 46/517/797 22/522/798
s 30
f 44/414/799 47/413/800 648/1328/801 649/1331/802
s off
f 24/525/803 45/526/804 47/527/805 25/528/806
f 22/529/807 46/530/808 45/526/809 24/525/810
f 44/531/811 42/532/812 19/533/813 20/534/814
f 42/532/815 43/535/816 18/536/817 19/533/818
f 18/536/819 242/537/820 244/538/821 19/533/822
f 24/525/823 241/539/824 245/540/825 22/529/826
f 19/533/827 244/538/828 243/541/829 20/534/830
f 25/528/831 240/542/832 241/539/833 24/525/834
f 242/543/835 18/521/836 22/522/837 245/544/838
f 240/545/839 25/412/840 20/415/841 243/546/842
f 254/547/843 170/548/844 164/549/845 248/550/846
s 31
f 252/551/847 167/552/848 623/1284/849 624/1285/850
s off
f 248/555/851 164/556/852 167/552/853 252/551/854
s 32
f 653/1338/855 654/1339/856 254/558/857 255/559/858
s off
f 254/558/859 248/561/860 249/562/861 255/559/862
f 248/563/863 252/564/864 253/565/865 249/566/866
s 33
f 252/564/867 624/1286/868 625/1288/869 253/565/870
s 34
f 654/1340/871 655/1342/872 170/548/873 254/547/874
s 35
f 46/517/875 630/1296/876 631/1298/877 259/572/878
s off
f 47/527/879 45/526/880 260/573/881 257/574/882
f 45/526/883 46/530/884 259/575/885 260/573/886
s 36
f 647/1327/887 648/1329/888 47/527/889 257/574/890
s off
f 196/578/891 195/579/892 262/580/893 261/581/894
f 195/579/895 197/582/896 263/583/897 262/580/898
f 198/584/899 196/578/900 261/581/901 264/585/902
f 197/582/903 198/584/904 264/585/905 263/583/906
f 146/321/907 133/320/908 147/353/909
f 135/586/910 118/587/911 144/588/912
f 269/366/913 125/365/914 155/337/915 272/340/916
f 124/314/917 270/313/918 271/285/919 153/360/920
f 121/357/921 268/356/922 267/307/923 122/310/924
f 272/589/925 140/28/926 268/346/927 154/355/928
f 143/362/929 271/285/930 152/281/931 267/590/932
f 281/591/933 52/257/934 51/261/935 280/592/936
f 280/593/937 51/264/938 48/263/939 277/594/940
f 275/119/941 49/118/942 50/247/943 274/595/944
f 284/596/945 53/246/946 52/257/947 281/591/948
f 177/597/949 187/598/950 273/599/951 283/600/952
f 184/189/953 181/601/954 278/602/955 276/190/956
f 284/596/957 281/591/958 282/115/959 283/114/960
f 280/593/961 277/594/962 278/461/963 279/460/964
f 277/116/965 275/119/966 276/190/967 278/602/968
f 274/603/969 284/604/970 283/600/971 273/599/972
f 281/591/973 280/592/974 279/121/975 282/115/976
f 275/119/977 274/595/978 273/191/979 276/190/980
f 274/603/981 50/605/982 53/606/983 284/604/984
f 265/26/985 266/25/986 290/607/987 289/608/988
f 153/360/989 265/359/990 289/609/991 287/610/992
f 266/338/993 155/337/994 288/611/995 290/612/996
f 124/314/997 153/360/998 287/610/999 285/613/1000
f 155/337/1001 125/365/1002 286/614/1003 288/611/1004
f 286/614/1005 292/615/1006 290/612/1007 288/611/1008
f 285/613/1009 287/610/1010 289/609/1011 291/616/1012
f 289/609/1013 290/612/1014 292/615/1015 291/616/1016
f 139/335/1017 132/334/1018 293/364/1019 294/363/1020
f 131/344/1021 297/347/1022 294/363/1023 269/341/1024
f 294/363/1025 297/347/1026 129/34/1027 139/335/1028
f 286/614/1029 125/365/1030 293/708/1031 301/709/1032
f 291/616/1033 292/615/1034 303/710/1035 302/711/1036
f 285/613/1037 291/616/1038 302/711/1039 300/712/1040
f 124/314/1041 285/613/1042 300/712/1043 149/713/1044
f 292/615/1045 286/614/1046 301/709/1047 303/710/1048
f 136/55/1049 137/54/1050 306/714/1051 305/715/1052
f 137/279/1053 135/46/1054 304/716/1055 306/717/1056
f 119/430/1057 136/465/1058 305/718/1059 299/719/1060
f 332/720/1061 503/721/1062 333/788/1063 505/789/1064
f 333/722/1065 503/721/1066 334/726/1067 504/787/1068
f 502/723/1069 497/724/1070 307/725/1071 334/726/1072
f 497/727/1073 498/728/1074 308/729/1075 307/730/1076
f 498/728/1077 499/731/1078 309/732/1079 308/729/1080
f 499/733/1081 500/734/1082 332/720/1083 309/735/1084
f 308/736/1085 5/19/1086 4/18/1087 307/725/1088
f 309/735/1089 6/20/1090 5/19/1091 308/736/1092
f 410/737/1093 313/738/1094 310/739/1095 408/740/1096
f 532/741/1097 422/742/1098 425/743/1099 531/744/1100
f 409/745/1101 312/746/1102 313/747/1103 410/748/1104
f 408/749/1105 310/750/1106 311/751/1107 411/752/1108
f 482/753/1109 315/754/1110 441/755/1111 485/756/1112
f 442/757/1113 315/758/1114 482/759/1115 487/760/1116
f 400/761/1117 481/762/1118 486/763/1119 417/764/1120
f 443/765/1121 441/766/1122 319/767/1123 317/768/1124
f 489/769/1125 480/770/1126 418/771/1127 419/772/1128
s 37
f 662/1353/1129 663/1355/1130 174/60/1131 250/59/1132
s 38
f 665/1358/1133 666/1360/1134 17/64/1135 234/63/1136
s off
f 337/777/1137 335/778/1138 507/779/1139 509/780/1140
f 335/781/1141 336/775/1142 511/776/1143 507/782/1144
f 322/783/1145 325/784/1146 324/785/1147 321/786/1148
f 454/790/1149 515/791/1150 512/792/1151 464/793/1152
s 39
f 258/82/1153 31/85/1154 683/1390/1155 684/1392/1156
s off
f 526/796/1157 327/797/1158 326/798/1159 525/799/1160
f 524/795/1161 328/794/1162 327/800/1163 526/801/1164
s 40
f 668/1363/1165 669/1365/1166 28/93/1167 256/92/1168
s 41
f 681/1386/1169 682/1388/1170 36/97/1171 77/96/1172
s off
f 329/804/1173 330/805/1174 359/806/1175 360/807/1176
s 42
f 28/102/1177 669/1366/1178 670/1367/1179 32/103/1180
s off
f 330/805/1181 331/810/1182 361/811/1183 359/806/1184
f 458/812/1185 517/813/1186 514/814/1187 459/815/1188
f 455/816/1189 548/817/1190 549/818/1191 453/819/1192
f 543/820/1193 541/821/1194 342/822/1195 341/823/1196
f 462/824/1197 545/825/1198 548/817/1199 455/816/1200
s 43
f 72/122/1201 674/1374/1202 675/1375/1203 59/123/1204
s 44
f 58/126/1205 672/1371/1206 673/1373/1207 66/127/1208
s off
f 349/830/1209 352/831/1210 355/832/1211 351/833/1212
f 356/834/1213 358/835/1214 353/836/1215 350/837/1216
f 358/835/1217 357/838/1218 348/839/1219 353/836/1220
f 352/831/1221 347/840/1222 354/841/1223 355/832/1224
s 45
f 679/1382/1225 680/1384/1226 64/145/1227 68/144/1228
s 46
f 677/1378/1229 678/1380/1230 74/148/1231 65/147/1232
s off
f 349/846/1233 360/847/1234 359/848/1235 352/849/1236
s 47
f 675/1376/1237 676/1377/1238 69/156/1239 59/155/1240
s 48
f 676/1377/1241 677/1379/1242 65/158/1243 69/156/1244
s off
f 355/832/1245 354/841/1246 357/838/1247 358/835/1248
f 351/833/1249 355/832/1250 358/835/1251 356/834/1252
s 49
f 66/127/1253 673/1373/1254 674/1374/1255 72/122/1256
s 50
f 678/1381/1257 679/1383/1258 68/163/1259 74/162/1260
s off
f 361/855/1261 347/856/1262 352/849/1263 359/848/1264
s 51
f 77/166/1265 64/167/1266 680/1385/1267 681/1387/1268
s 52
f 58/168/1269 76/169/1270 671/1369/1271 672/1372/1272
s off
f 327/857/1273 328/858/1274 331/859/1275 330/860/1276
f 326/808/1277 327/857/1278 330/860/1279 329/809/1280
s 53
f 682/1389/1281 683/1391/1282 31/175/1283 36/174/1284
s 54
f 32/176/1285 670/1368/1286 671/1370/1287 76/177/1288
s off
f 381/863/1289 366/864/1290 367/865/1291 378/866/1292
f 382/867/1293 364/868/1294 363/869/1295 379/870/1296
f 463/871/1297 539/872/1298 542/873/1299 460/874/1300
f 380/875/1301 365/876/1302 366/864/1303 381/863/1304
f 379/870/1305 363/869/1306 362/877/1307 383/878/1308
f 383/879/1309 362/880/1310 365/881/1311 380/882/1312
f 378/883/1313 367/884/1314 364/885/1315 382/886/1316
f 392/887/1317 371/888/1318 372/889/1319 390/890/1320
f 393/891/1321 373/892/1322 368/893/1323 388/894/1324
f 370/895/1325 387/896/1326 396/897/1327 369/898/1328
f 389/899/1329 370/900/1330 371/888/1331 392/887/1332
f 388/894/1333 368/893/1334 369/901/1335 391/902/1336
f 390/903/1337 372/904/1338 373/905/1339 393/906/1340
f 384/907/1341 396/908/1342 377/909/1343 395/910/1344
f 370/900/1345 389/899/1346 385/911/1347 387/912/1348
f 385/911/1349 386/913/1350 375/914/1351 394/915/1352
f 395/916/1353 377/917/1354 376/918/1355 394/919/1356
f 362/920/1357 363/921/1358 366/922/1359 365/923/1360
f 363/921/1361 364/924/1362 367/925/1363 366/922/1364
f 371/888/1365 379/870/1366 383/878/1367 372/889/1368
f 373/892/1369 380/875/1370 381/863/1371 368/893/1372
f 369/926/1373 378/883/1374 382/886/1375 370/927/1376
f 370/900/1377 382/867/1378 379/870/1379 371/888/1380
f 368/893/1381 381/863/1382 378/866/1383 369/901/1384
f 397/928/1385 346/929/1386 391/902/1387 384/907/1388
f 389/899/1389 343/930/1390 386/913/1391 385/911/1392
f 372/904/1393 383/879/1394 380/882/1395 373/905/1396
f 387/912/1397 385/911/1398 394/915/1399 376/931/1400
f 346/932/1401 397/933/1402 386/934/1403 343/935/1404
f 391/902/1405 369/901/1406 396/908/1407 384/907/1408
f 387/936/1409 376/937/1410 377/938/1411 396/939/1412
f 345/940/1413 388/894/1414 391/902/1415 346/929/1416
f 343/930/1417 389/899/1418 392/887/1419 342/822/1420
f 374/941/1421 395/942/1422 394/943/1423 375/944/1424
f 344/945/1425 393/891/1426 388/894/1427 345/940/1428
f 342/822/1429 392/887/1430 390/890/1431 341/823/1432
f 374/946/1433 397/928/1434 384/907/1435 395/910/1436
f 341/947/1437 390/903/1438 393/906/1439 344/948/1440
f 443/949/1441 316/950/1442 479/951/1443 490/952/1444
f 484/953/1445 314/954/1446 442/955/1447 487/956/1448
f 488/957/1449 481/958/1450 400/959/1451 415/960/1452
f 441/755/1453 443/961/1454 490/962/1455 485/756/1456
f 486/763/1457 489/963/1458 419/964/1459 417/764/1460
f 434/965/1461 433/966/1462 405/967/1463 412/968/1464
f 537/969/1465 434/965/1466 412/968/1467 536/970/1468
f 561/971/1469 412/968/1470 405/967/1471 430/972/1472
f 496/973/1473 494/974/1474 317/975/1475 319/976/1476
f 495/977/1477 492/978/1478 440/979/1479 318/980/1480
f 494/981/1481 491/982/1482 438/983/1483 317/984/1484
f 493/985/1485 495/986/1486 318/987/1487 439/988/1488
f 492/989/1489 496/973/1490 319/976/1491 440/990/1492
f 533/991/1493 404/992/1494 433/993/1495 434/994/1496
f 431/995/1497 406/996/1498 536/997/1499 562/998/1500
f 415/999/1501 429/1000/1502 401/1001/1503
f 427/1002/1504 428/1003/1505 415/1004/1506 400/1005/1507
f 426/1006/1508 409/1007/1509 410/1008/1510 427/1002/1511
f 465/1009/1512 466/1010/1513 423/1011/1514 398/1012/1515
f 469/1013/1516 470/1014/1517 420/1015/1518 416/1016/1519
f 467/1017/1520 468/1018/1521 421/1019/1522 414/1020/1523
f 437/1021/1524 538/1022/1525 422/1023/1526 532/1024/1527
f 562/998/1528 536/997/1529 412/968/1530 561/971/1531
f 535/1025/1532 413/1026/1533 436/1027/1534 538/1028/1535
f 422/742/1536 534/1029/1537 533/1030/1538 425/743/1539
f 563/1031/1540 564/1032/1541 402/1033/1542 413/1026/1543
f 424/1034/1544 562/998/1545 561/971/1546 409/745/1547
f 399/1035/1548 431/995/1549 562/998/1550 424/1034/1551
f 409/745/1552 561/971/1553 430/972/1554 312/746/1555
f 400/1005/1556 426/1006/1557 427/1002/1558
f 410/1008/1559 408/1036/1560 428/1003/1561 427/1002/1562
f 408/1036/1563 411/1037/1564 429/1038/1565 428/1003/1566
f 436/1039/1567 432/1040/1568 403/1041/1569 534/1042/1570
f 531/1043/1571 425/1044/1572 537/1045/1573 435/1046/1574
f 411/752/1575 311/751/1576 564/1032/1577 563/1031/1578
f 560/1047/1579 535/1048/1580 407/1049/1581 559/1050/1582
f 413/1026/1583 402/1033/1584 432/1051/1585 436/1027/1586
f 479/1052/1587 316/1053/1588 314/954/1589 484/953/1590
f 316/1054/1591 443/765/1592 317/768/1593 438/1055/1594
f 314/1056/1595 316/1054/1596 438/1055/1597 439/1057/1598
f 442/1058/1599 314/1056/1600 439/1057/1601 318/1059/1602
f 315/1060/1603 442/1058/1604 318/1059/1605 440/1061/1606
f 441/766/1607 315/1060/1608 440/1061/1609 319/767/1610
f 451/1062/1611 452/1063/1612 519/1064/1613 523/1065/1614
s 55
f 166/382/1615 168/385/1616 659/1347/1617 660/1349/1618
s off
f 447/1067/1619 446/1066/1620 448/1068/1621 445/1069/1622
f 445/1069/1623 448/1068/1624 444/1070/1625 449/1071/1626
s 56
f 692/1407/1627 693/1409/1628 171/391/1629 162/390/1630
s off
f 452/1072/1631 450/773/1632 521/774/1633 519/1073/1634
s 57
f 176/394/1635 689/1402/1636 690/1403/1637 247/395/1638
s 58
f 21/396/1639 686/1396/1640 687/1398/1641 233/397/1642
s off
f 516/1074/1643 456/1075/1644 459/1076/1645 514/1077/1646
f 517/1078/1647 458/1079/1648 461/1080/1649 513/1081/1650
f 454/1082/1651 464/1083/1652 453/1084/1653 463/1085/1654
f 515/791/1655 454/790/1656 456/1075/1657 516/1074/1658
f 513/1081/1659 461/1080/1660 464/1086/1661 512/1087/1662
f 325/1088/1663 322/1089/1664 337/1090/1665 340/1091/1666
f 458/1092/1667 459/1093/1668 457/1094/1669 462/1095/1670
f 458/1092/1671 462/1095/1672 455/1096/1673 461/1097/1674
f 461/1097/1675 455/1096/1676 453/1084/1677 464/1083/1678
f 321/786/1679 324/785/1680 323/1098/1681 320/1099/1682
f 454/1082/1683 463/1085/1684 460/1100/1685 456/1101/1686
f 456/1101/1687 460/1100/1688 457/1094/1689 459/1093/1690
f 416/1102/1691 420/1103/1692 466/1010/1693 465/1009/1694
f 398/1104/1695 423/1105/1696 468/1018/1697 467/1017/1698
f 399/1035/1699 424/1034/1700 470/1014/1701 469/1013/1702
f 401/1106/1703 483/1107/1704 488/1108/1705 415/1109/1706
f 474/1110/1707 472/1111/1708 471/1112/1709 473/1113/1710
f 478/1114/1711 477/1115/1712 476/1116/1713 475/1117/1714
f 530/1118/1715 478/1119/1716 475/1120/1717 527/1121/1718
f 527/1122/1719 475/1123/1720 476/1124/1721 528/1125/1722
f 529/1126/1723 477/1127/1724 478/1128/1725 530/1129/1726
f 528/1130/1727 476/1131/1728 477/1132/1729 529/1133/1730
f 457/1134/1731 544/1135/1732 545/1136/1733 462/1137/1734
f 397/933/1735 374/1138/1736 375/1139/1737 386/934/1738
f 488/957/1739 487/760/1740 482/759/1741 481/958/1742
f 486/763/1743 485/756/1744 490/962/1745 489/963/1746
f 484/953/1747 483/1107/1748 480/1140/1749 479/1052/1750
f 485/756/1751 486/763/1752 481/762/1753 482/753/1754
f 489/769/1755 490/952/1756 479/951/1757 480/770/1758
f 487/956/1759 488/1108/1760 483/1107/1761 484/953/1762
f 418/1141/1763 480/1140/1764 483/1107/1765 401/1106/1766
f 502/1142/1767 491/1143/1768 494/1144/1769 497/1145/1770
f 499/1146/1771 492/1147/1772 495/1148/1773 500/1149/1774
f 501/1150/1775 493/1151/1776 491/1152/1777 502/1153/1778
f 497/1154/1779 494/1155/1780 496/1156/1781 498/1157/1782
f 491/1158/1783 493/985/1784 439/988/1785 438/1159/1786
f 498/1157/1787 496/1156/1788 492/1160/1789 499/1161/1790
f 501/1162/1791 502/723/1792 334/726/1793 503/1163/1794
f 500/1164/1795 501/1162/1796 503/1163/1797 332/1165/1798
s 59
f 171/490/1799 693/1410/1800 694/1411/1801 41/491/1802
s off
f 444/1166/1803 448/1167/1804 333/1168/1805 504/787/1806
f 448/1167/1807 446/1169/1808 505/789/1809 333/1170/1810
s 60
f 658/1346/1811 659/1348/1812 168/498/1813 37/497/1814
s off
f 495/1148/1815 493/1151/1816 501/1150/1817 500/1149/1818
s 61
f 663/1355/1819 664/1356/1820 235/500/1821 174/60/1822
s 62
f 232/501/1823 688/1400/1824 689/1402/1825 176/394/1826
s off
f 506/1173/1827 510/1171/1828 450/773/1829 452/1072/1830
s 63
f 232/504/1831 233/507/1832 687/1399/1833 688/1401/1834
s off
f 508/1175/1835 509/1174/1836 507/1176/1837 506/1177/1838
f 506/1178/1839 507/1179/1840 511/1180/1841 510/1181/1842
s 64
f 664/1357/1843 665/1359/1844 234/515/1845 235/514/1846
s off
f 508/1172/1847 506/1182/1848 452/1063/1849 451/1062/1850
s 65
f 666/1361/1851 667/1362/1852 23/520/1853 17/519/1854
s off
f 320/1185/1855 323/1186/1856 339/1183/1857 336/1184/1858
s 66
f 685/1394/1859 686/1397/1860 21/524/1861 26/523/1862
s off
f 324/1187/1863 325/1188/1864 340/1189/1865 338/1190/1866
f 323/1191/1867 324/1187/1868 338/1190/1869 339/1192/1870
f 337/1193/1871 322/1194/1872 321/1195/1873 335/1196/1874
f 335/1196/1875 321/1195/1876 320/1197/1877 336/1198/1878
f 320/1197/1879 321/1195/1880 516/1199/1881 514/1200/1882
f 324/1187/1883 323/1191/1884 517/1201/1885 513/1202/1886
f 321/1195/1887 322/1194/1888 515/1203/1889 516/1199/1890
f 325/1188/1891 324/1187/1892 513/1202/1893 512/1204/1894
f 514/1205/1895 517/1206/1896 323/1186/1897 320/1185/1898
f 512/1207/1899 515/1208/1900 322/1089/1901 325/1088/1902
f 522/1209/1903 518/1210/1904 445/1211/1905 449/1212/1906
s 67
f 660/1350/1907 661/1351/1908 251/554/1909 166/553/1910
s off
f 518/1215/1911 520/1213/1912 447/1214/1913 445/1216/1914
s 68
f 246/557/1915 247/560/1916 690/1404/1917 691/1405/1918
s off
f 522/1218/1919 523/1217/1920 519/1219/1921 518/1220/1922
f 518/1221/1923 519/1222/1924 521/1223/1925 520/1224/1926
s 69
f 661/1352/1927 662/1354/1928 250/568/1929 251/567/1930
s 70
f 246/569/1931 691/1406/1932 692/1408/1933 162/570/1934
s 71
f 667/1362/1935 668/1364/1936 256/571/1937 23/520/1938
s off
f 340/1189/1939 524/1226/1940 526/1227/1941 338/1190/1942
f 338/1190/1943 526/1227/1944 525/1228/1945 339/1192/1946
s 72
f 26/576/1947 258/577/1948 684/1393/1949 685/1395/1950
s off
f 472/1229/1951 527/1230/1952 528/1231/1953 471/1232/1954
f 471/1232/1955 528/1231/1956 529/1233/1957 473/1234/1958
f 474/1235/1959 530/1236/1960 527/1230/1961 472/1229/1962
f 473/1234/1963 529/1233/1964 530/1236/1965 474/1235/1966
f 428/1003/1967 429/1038/1968 415/1004/1969
f 417/1237/1970 426/1238/1971 400/1239/1972
f 535/1048/1973 538/1022/1974 437/1021/1975 407/1049/1976
f 406/996/1977 435/1046/1978 537/969/1979 536/997/1980
f 403/1041/1981 404/992/1982 533/991/1983 534/1042/1984
f 538/1240/1985 436/1039/1986 534/1029/1987 422/742/1988
f 425/1044/1989 533/1241/1990 434/965/1991 537/969/1992
f 547/1242/1993 546/1243/1994 344/945/1995 345/940/1996
f 546/1244/1997 543/1245/1998 341/947/1999 344/948/2000
f 541/821/2001 540/1246/2002 343/930/2003 342/822/2004
f 550/1247/2005 547/1242/2006 345/940/2007 346/929/2008
f 453/1248/2009 549/1249/2010 539/1250/2011 463/1251/2012
f 460/874/2013 542/873/2014 544/1252/2015 457/1253/2016
f 550/1247/2017 549/818/2018 548/817/2019 547/1242/2020
f 546/1244/2021 545/1136/2022 544/1135/2023 543/1245/2024
f 543/820/2025 544/1252/2026 542/873/2027 541/821/2028
f 540/1254/2029 539/1250/2030 549/1249/2031 550/1255/2032
f 547/1242/2033 548/817/2034 545/825/2035 546/1243/2036
f 541/821/2037 542/873/2038 539/872/2039 540/1246/2040
f 540/1254/2041 550/1255/2042 346/1256/2043 343/1257/2044
f 531/744/2045 555/1258/2046 556/1259/2047 532/741/2048
f 435/1046/2049 553/1260/2050 555/1261/2051 531/1043/2052
f 532/1024/2053 556/1262/2054 554/1263/2055 437/1021/2056
f 406/996/2057 551/1264/2058 553/1260/2059 435/1046/2060
f 437/1021/2061 554/1263/2062 552/1265/2063 407/1049/2064
f 552/1265/2065 554/1263/2066 556/1262/2067 558/1266/2068
f 551/1264/2069 557/1267/2070 555/1261/2071 553/1260/2072
f 555/1261/2073 557/1267/2074 558/1266/2075 556/1262/2076
f 421/1019/2077 560/1047/2078 559/1050/2079 414/1020/2080
f 413/1026/2081 535/1025/2082 560/1047/2083 563/1031/2084
f 560/1047/2085 421/1019/2086 411/752/2087 563/1031/2088
f 552/1265/2089 567/1268/2090 559/1269/2091 407/1049/2092
f 557/1267/2093 568/1270/2094 569/1271/2095 558/1266/2096
f 551/1264/2097 566/1272/2098 568/1270/2099 557/1267/2100
f 406/996/2101 431/1273/2102 566/1272/2103 551/1264/2104
f 558/1266/2105 569/1271/2106 567/1268/2107 552/1265/2108
f 418/771/2109 571/1274/2110 572/1275/2111 419/772/2112
f 419/964/2113 572/1276/2114 570/1277/2115 417/764/2116
f 401/1106/2117 565/1278/2118 571/1279/2119 418/1141/2120
f 573/617/2121 574/618/2122 576/619/2123 575/620/2124
f 577/621/2125 578/622/2126 580/623/2127 579/624/2128
f 577/625/2129 581/626/2130 582/627/2131 578/628/2132
f 582/629/2133 584/630/2134 580/631/2135 578/632/2136
f 585/633/2137 586/634/2138 587/635/2139
f 585/636/2140 588/637/2141 589/638/2142 586/639/2143
f 587/640/2144 591/641/2145 590/642/2146 585/643/2147
f 585/636/2148 590/644/2149 588/637/2150
f 593/645/2151 596/646/2152 595/647/2153 592/648/2154
f 595/647/2155 597/649/2156 594/650/2157 592/648/2158
f 598/651/2159 599/652/2160 620/653/2161
f 603/654/2162 604/655/2163 602/656/2164
f 618/657/2165 605/658/2166 603/659/2167
f 608/660/2168 609/661/2169 607/662/2170 606/663/2171
f 619/664/2172 601/665/2173 602/666/2174
f 583/667/2175 576/619/2176 599/652/2177 615/668/2178
f 602/656/2179 604/655/2180 584/630/2181 582/629/2182
f 588/637/2183 606/669/2184 607/670/2185 589/638/2186
f 591/641/2187 609/671/2188 608/672/2189 590/642/2190
f 588/637/2191 590/644/2192 608/673/2193 606/669/2194
f 596/646/2195 612/674/2196 611/675/2197 595/647/2198
f 611/675/2199 613/676/2200 597/649/2201 595/647/2202
f 574/618/2203 586/639/2204 589/638/2205 576/619/2206
f 620/653/2207 610/677/2208 600/678/2209
f 579/624/2210 580/623/2211 593/679/2212 592/680/2213
f 584/630/2214 596/646/2215 593/645/2216 580/631/2217
f 611/675/2218 612/674/2219 604/655/2220 603/654/2221
f 605/681/2222 614/682/2223 611/675/2224 603/654/2225
f 573/683/2226 577/621/2227 579/624/2228 574/684/2229
f 583/685/2230 581/626/2231 575/686/2232
f 573/687/2233 575/686/2234 581/626/2235 577/625/2236
f 616/688/2237 592/680/2238 594/689/2239
f 594/690/2240 597/691/2241 591/641/2242 587/640/2243
f 600/692/2244 605/658/2245 618/657/2246
f 609/661/2247 613/693/2248 611/694/2249 607/662/2250
f 611/694/2251 614/695/2252 610/696/2253 607/662/2254
f 579/624/2255 592/680/2256 616/688/2257
f 610/696/2258 614/695/2259 605/697/2260 600/698/2261
f 597/691/2262 613/699/2263 609/671/2264 591/641/2265
f 576/619/2266 589/638/2267 607/670/2268 599/652/2269
f 604/655/2270 612/674/2271 596/646/2272 584/630/2273
f 619/700/2274 581/701/2275 583/702/2276
f 598/703/2277 601/665/2278 615/704/2279
f 599/652/2280 598/651/2281 615/668/2282
f 601/665/2283 583/685/2284 615/704/2285
f 617/705/2286 616/688/2287 594/689/2288 587/635/2289
f 579/624/2290 616/688/2291 617/705/2292
f 586/634/2293 617/705/2294 587/635/2295
f 574/684/2296 579/624/2297 617/705/2298 586/634/2299
f 598/703/2300 618/657/2301 603/659/2302 601/665/2303
f 598/703/2304 600/692/2305 618/657/2306
f 576/619/2307 583/667/2308 575/620/2309
f 581/626/2310 619/664/2311 602/666/2312 582/627/2313
f 601/706/2314 619/700/2315 583/702/2316
f 601/665/2317 603/659/2318 602/666/2319
f 599/652/2320 607/670/2321 610/677/2322 620/653/2323
f 600/678/2324 598/651/2325 620/653/2326
s 24
f 622/1282/754 621/1280/753 37/497/2327 168/498/2328
s 19
f 166/382/2329 623/1283/556 622/1281/555 168/385/2330
s 31
f 624/1285/850 623/1284/849 166/553/2331 251/554/2332
s 33
f 625/1288/869 624/1286/868 251/567/2333 250/568/2334
s 1
f 626/1289/72 625/1287/71 250/59/2335 174/60/2336
s 25
f 627/1290/762 626/1289/761 174/60/2337 235/500/2338
s 28
f 628/1293/785 627/1291/784 235/514/2339 234/515/2340
s 2
f 629/1294/76 628/1292/75 234/63/2341 17/64/2342
s 29
f 630/1296/794 629/1295/793 17/519/2343 23/520/2344
s 35
f 631/1298/877 630/1296/876 23/520/2345 256/571/2346
s 4
f 632/1299/107 631/1297/106 256/92/2347 28/93/2348
s 6
f 28/102/2349 32/103/2350 633/1301/118 632/1300/117
s 18
f 32/176/2351 76/177/2352 634/1304/226 633/1302/225
s 16
f 58/168/2353 635/1306/210 634/1303/209 76/169/2354
s 8
f 58/126/2355 66/127/2356 636/1307/146 635/1305/145
s 13
f 66/127/2357 72/122/2358 637/1308/194 636/1307/193
s 7
f 72/122/2359 59/123/2360 638/1309/142 637/1308/141
s 11
f 639/1311/179 638/1310/178 59/155/2361 69/156/2362
s 12
f 640/1313/183 639/1311/182 69/156/2363 65/158/2364
s 10
f 641/1314/171 640/1312/170 65/147/2365 74/148/2366
s 14
f 642/1317/200 641/1315/199 74/162/2367 68/163/2368
s 9
f 643/1318/168 642/1316/167 68/144/2369 64/145/2370
s 15
f 77/166/2371 644/1321/206 643/1319/205 64/167/2372
s 5
f 645/1322/112 644/1320/111 77/96/2373 36/97/2374
s 17
f 646/1325/224 645/1323/223 36/174/2375 31/175/2376
s 3
f 258/82/2377 647/1326/94 646/1324/93 31/85/2378
s 36
f 26/576/2379 648/1329/888 647/1327/887 258/577/2380
s 30
f 649/1331/802 648/1328/801 26/523/2381 21/524/2382
s 22
f 21/396/2383 233/397/2384 650/1332/580 649/1330/579
s 27
f 232/504/2385 651/1335/772 650/1333/771 233/507/2386
s 26
f 232/501/2387 176/394/2388 652/1336/764 651/1334/763
s 21
f 176/394/2389 247/395/2390 653/1337/576 652/1336/575
s 32
f 246/557/2391 654/1339/856 653/1338/855 247/560/2392
s 34
f 246/569/2393 162/570/2394 655/1342/872 654/1340/871
s 20
f 656/1343/569 655/1341/568 162/390/2395 171/391/2396
s 23
f 171/490/2397 41/491/2398 657/1345/740 656/1344/739
s 60
f 446/1169/2399 659/1348/1812 658/1346/1811 505/789/2400
s 55
f 660/1349/1618 659/1347/1617 446/1066/2401 447/1067/2402
s 67
f 520/1213/2403 661/1351/1908 660/1350/1907 447/1214/2404
s 69
f 520/1224/2405 521/1223/2406 662/1354/1928 661/1352/1927
s 37
f 450/773/2407 663/1355/1130 662/1353/1129 521/774/2408
s 61
f 510/1171/2409 664/1356/1820 663/1355/1819 450/773/2410
s 64
f 510/1181/2411 511/1180/2412 665/1359/1844 664/1357/1843
s 38
f 336/775/2413 666/1360/1134 665/1358/1133 511/776/2414
s 65
f 339/1183/2415 667/1362/1852 666/1361/1851 336/1184/2416
s 71
f 339/1183/2417 525/1225/2418 668/1364/1936 667/1362/1935
s 40
f 525/799/2419 326/798/2420 669/1365/1166 668/1363/1165
s 42
f 670/1367/1179 669/1366/1178 326/808/2421 329/809/2422
s 54
f 671/1370/1287 670/1368/1286 329/861/2423 360/862/2424
s 52
f 672/1372/1272 671/1369/1271 360/847/2425 349/846/2426
s 44
f 673/1373/1207 672/1371/1206 349/828/2427 351/829/2428
s 49
f 674/1374/1255 673/1373/1254 351/829/2429 356/826/2430
s 43
f 675/1375/1203 674/1374/1202 356/826/2431 350/827/2432
s 47
f 350/850/2433 353/851/2434 676/1377/1238 675/1376/1237
s 48
f 353/851/2435 348/852/2436 677/1379/1242 676/1377/1241
s 46
f 348/844/2437 357/845/2438 678/1380/1230 677/1378/1229
s 50
f 354/853/2439 679/1383/1258 678/1381/1257 357/854/2440
s 45
f 347/842/2441 680/1384/1226 679/1382/1225 354/843/2442
s 51
f 681/1387/1268 680/1385/1267 347/856/2443 361/855/2444
s 41
f 331/802/2445 682/1388/1170 681/1386/1169 361/803/2446
s 53
f 328/858/2447 683/1391/1282 682/1389/1281 331/859/2448
s 39
f 684/1392/1156 683/1390/1155 328/794/2449 524/795/2450
s 72
f 685/1395/1950 684/1393/1949 524/1226/2451 340/1189/2452
s 66
f 337/1090/2453 686/1397/1860 685/1394/1859 340/1091/2454
s 58
f 687/1398/1641 686/1396/1640 337/777/2455 509/780/2456
s 63
f 688/1401/1834 687/1399/1833 509/1174/2457 508/1175/2458
s 62
f 689/1402/1825 688/1400/1824 508/1172/2459 451/1062/2460
s 57
f 690/1403/1637 689/1402/1636 451/1062/2461 523/1065/2462
s 68
f 691/1405/1918 690/1404/1917 523/1217/2463 522/1218/2464
s 70
f 692/1408/1933 691/1406/1932 522/1209/2465 449/1212/2466
s 56
f 449/1071/2467 444/1070/2468 693/1409/1628 692/1407/1627
s 59
f 694/1411/1801 693/1410/1800 444/1166/2469 504/787/2470
s off
f 4/18/2471 1/5/2472 657/1345/2473 41/491/2474
f 307/725/2475 4/18/2476 41/491/2477 694/1411/2478
f 1/5/2479 40/3/2480 228/75/2481 657/1345/2482
f 334/726/2483 307/725/2484 694/1411/2485 504/787/2486
f 38/15/2487 3/14/2488 621/1280/2489 229/77/2490
f 309/735/2491 332/720/2492 505/789/2493 658/1346/2494
f 3/14/2495 6/20/2496 37/497/2497 621/1280/2498
f 6/20/2499 309/735/2500 658/1346/2501 37/497/2502
f 10/24/2503 7/36/2504 8/35/2505 298/349/2506 120/348/2507 150/358/2508 121/357/2509 122/310/2510 151/284/2511 123/283/2512 148/288/2513 9/32/2514
f 310/739/2515 313/747/2516 312/746/2517 430/972/2518 405/967/2519 433/993/2520 404/992/2521 403/1041/2522 432/1051/2523 402/1033/2524 564/1032/2525 311/751/2526
